Site,Parameter,Date (LT),Year,Month,Day,Hour,AQI,AQI Category,24-hr. Midpoint Avg. Conc.,Raw Conc.,Conc. Unit,Duration,QC Name
Chennai,PM2.5 - Principal,2016-07-01 07:00 AM,2016,07,01,07,98,Moderate,34.6,41.0,UG/M3,1 Hr,Valid
Chennai,PM2.5 - Principal,2016-07-01 08:00 AM,2016,07,01,08,101,Unhealthy for Sensitive Groups,35.5,44.0,UG/M3,1 Hr,Valid
Chennai,PM2.5 - Principal,2016-07-01 09:00 AM,2016,07,01,09,102,Unhealthy for Sensitive Groups,35.9,43.0,UG/M3,1 Hr,Valid
Chennai,PM2.5 - Principal,2016-07-01 10:00 AM,2016,07,01,10,104,Unhealthy for Sensitive Groups,36.9,42.0,UG/M3,1 Hr,Valid
Chennai,PM2.5 - Principal,2016-07-01 11:00 AM,2016,07,01,11,106,Unhealthy for Sensitive Groups,37.4,29.0,UG/M3,1 Hr,Valid
Chennai,PM2.5 - Principal,2016-07-01 12:00 PM,2016,07,01,12,107,Unhealthy for Sensitive Groups,37.9,36.0,UG/M3,1 Hr,Valid
Chennai,PM2.5 - Principal,2016-07-01 01:00 PM,2016,07,01,13,107,Unhealthy for Sensitive Groups,38.0,36.0,UG/M3,1 Hr,Valid
Chennai,PM2.5 - Principal,2016-07-01 02:00 PM,2016,07,01,14,107,Unhealthy for Sensitive Groups,37.9,30.0,UG/M3,1 Hr,Valid
Chennai,PM2.5 - Principal,2016-07-01 03:00 PM,2016,07,01,15,107,Unhealthy for Sensitive Groups,37.8,29.0,UG/M3,1 Hr,Valid
Chennai,PM2.5 - Principal,2016-07-01 04:00 PM,2016,07,01,16,107,Unhealthy for Sensitive Groups,37.8,35.0,UG/M3,1 Hr,Valid
Chennai,PM2.5 - Principal,2016-07-01 05:00 PM,2016,07,01,17,106,Unhealthy for Sensitive Groups,37.5,40.0,UG/M3,1 Hr,Valid
Chennai,PM2.5 - Principal,2016-07-01 06:00 PM,2016,07,01,18,106,Unhealthy for Sensitive Groups,37.6,59.0,UG/M3,1 Hr,Valid
Chennai,PM2.5 - Principal,2016-07-01 07:00 PM,2016,07,01,19,105,Unhealthy for Sensitive Groups,37.1,56.0,UG/M3,1 Hr,Valid
Chennai,PM2.5 - Principal,2016-07-01 08:00 PM,2016,07,01,20,105,Unhealthy for Sensitive Groups,37.0,54.0,UG/M3,1 Hr,Valid
Chennai,PM2.5 - Principal,2016-07-01 09:00 PM,2016,07,01,21,104,Unhealthy for Sensitive Groups,36.8,51.0,UG/M3,1 Hr,Valid
Chennai,PM2.5 - Principal,2016-07-01 10:00 PM,2016,07,01,22,103,Unhealthy for Sensitive Groups,36.3,45.0,UG/M3,1 Hr,Valid
Chennai,PM2.5 - Principal,2016-07-01 11:00 PM,2016,07,01,23,102,Unhealthy for Sensitive Groups,36.1,44.0,UG/M3,1 Hr,Valid
Chennai,PM2.5 - Principal,2016-07-02 12:00 AM,2016,07,02,00,103,Unhealthy for Sensitive Groups,36.5,29.0,UG/M3,1 Hr,Valid
Chennai,PM2.5 - Principal,2016-07-02 01:00 AM,2016,07,02,01,104,Unhealthy for Sensitive Groups,36.8,17.0,UG/M3,1 Hr,Valid
Chennai,PM2.5 - Principal,2016-07-02 02:00 AM,2016,07,02,02,105,Unhealthy for Sensitive Groups,37.0,26.0,UG/M3,1 Hr,Valid
Chennai,PM2.5 - Principal,2016-07-02 03:00 AM,2016,07,02,03,105,Unhealthy for Sensitive Groups,37.3,26.0,UG/M3,1 Hr,Valid
Chennai,PM2.5 - Principal,2016-07-02 04:00 AM,2016,07,02,04,107,Unhealthy for Sensitive Groups,37.8,22.0,UG/M3,1 Hr,Valid
Chennai,PM2.5 - Principal,2016-07-02 05:00 AM,2016,07,02,05,109,Unhealthy for Sensitive Groups,38.6,31.0,UG/M3,1 Hr,Valid
Chennai,PM2.5 - Principal,2016-07-02 06:00 AM,2016,07,02,06,110,Unhealthy for Sensitive Groups,39.2,26.0,UG/M3,1 Hr,Valid
Chennai,PM2.5 - Principal,2016-07-02 07:00 AM,2016,07,02,07,109,Unhealthy for Sensitive Groups,38.7,38.0,UG/M3,1 Hr,Valid
Chennai,PM2.5 - Principal,2016-07-02 08:00 AM,2016,07,02,08,107,Unhealthy for Sensitive Groups,37.9,40.0,UG/M3,1 Hr,Valid
Chennai,PM2.5 - Principal,2016-07-02 09:00 AM,2016,07,02,09,105,Unhealthy for Sensitive Groups,37.0,32.0,UG/M3,1 Hr,Valid
Chennai,PM2.5 - Principal,2016-07-02 10:00 AM,2016,07,02,10,103,Unhealthy for Sensitive Groups,36.2,36.0,UG/M3,1 Hr,Valid
Chennai,PM2.5 - Principal,2016-07-02 11:00 AM,2016,07,02,11,101,Unhealthy for Sensitive Groups,35.6,38.0,UG/M3,1 Hr,Valid
Chennai,PM2.5 - Principal,2016-07-02 12:00 PM,2016,07,02,12,99,Moderate,34.7,44.0,UG/M3,1 Hr,Valid
Chennai,PM2.5 - Principal,2016-07-02 01:00 PM,2016,07,02,13,99,Moderate,34.9,41.0,UG/M3,1 Hr,Valid
Chennai,PM2.5 - Principal,2016-07-02 02:00 PM,2016,07,02,14,100,Moderate,35.3,38.0,UG/M3,1 Hr,Valid
Chennai,PM2.5 - Principal,2016-07-02 03:00 PM,2016,07,02,15,101,Unhealthy for Sensitive Groups,35.7,41.0,UG/M3,1 Hr,Valid
Chennai,PM2.5 - Principal,2016-07-02 04:00 PM,2016,07,02,16,102,Unhealthy for Sensitive Groups,36.0,54.0,UG/M3,1 Hr,Valid
Chennai,PM2.5 - Principal,2016-07-02 05:00 PM,2016,07,02,17,103,Unhealthy for Sensitive Groups,36.4,54.0,UG/M3,1 Hr,Valid
Chennai,PM2.5 - Principal,2016-07-02 06:00 PM,2016,07,02,18,104,Unhealthy for Sensitive Groups,36.8,48.0,UG/M3,1 Hr,Valid
Chennai,PM2.5 - Principal,2016-07-02 07:00 PM,2016,07,02,19,105,Unhealthy for Sensitive Groups,37.0,36.0,UG/M3,1 Hr,Valid
Chennai,PM2.5 - Principal,2016-07-02 08:00 PM,2016,07,02,20,104,Unhealthy for Sensitive Groups,36.7,32.0,UG/M3,1 Hr,Valid
Chennai,PM2.5 - Principal,2016-07-02 09:00 PM,2016,07,02,21,103,Unhealthy for Sensitive Groups,36.3,31.0,UG/M3,1 Hr,Valid
Chennai,PM2.5 - Principal,2016-07-02 10:00 PM,2016,07,02,22,103,Unhealthy for Sensitive Groups,36.3,31.0,UG/M3,1 Hr,Valid
Chennai,PM2.5 - Principal,2016-07-02 11:00 PM,2016,07,02,23,103,Unhealthy for Sensitive Groups,36.4,24.0,UG/M3,1 Hr,Valid
Chennai,PM2.5 - Principal,2016-07-03 12:00 AM,2016,07,03,00,103,Unhealthy for Sensitive Groups,36.3,32.0,UG/M3,1 Hr,Valid
Chennai,PM2.5 - Principal,2016-07-03 01:00 AM,2016,07,03,01,103,Unhealthy for Sensitive Groups,36.3,27.0,UG/M3,1 Hr,Valid
Chennai,PM2.5 - Principal,2016-07-03 02:00 AM,2016,07,03,02,102,Unhealthy for Sensitive Groups,36.0,36.0,UG/M3,1 Hr,Valid
Chennai,PM2.5 - Principal,2016-07-03 03:00 AM,2016,07,03,03,101,Unhealthy for Sensitive Groups,35.6,33.0,UG/M3,1 Hr,Valid
Chennai,PM2.5 - Principal,2016-07-03 04:00 AM,2016,07,03,04,99,Moderate,35.1,32.0,UG/M3,1 Hr,Valid
Chennai,PM2.5 - Principal,2016-07-03 05:00 AM,2016,07,03,05,98,Moderate,34.4,40.0,UG/M3,1 Hr,Valid
Chennai,PM2.5 - Principal,2016-07-03 06:00 AM,2016,07,03,06,96,Moderate,33.7,30.0,UG/M3,1 Hr,Valid
Chennai,PM2.5 - Principal,2016-07-03 07:00 AM,2016,07,03,07,96,Moderate,33.3,31.0,UG/M3,1 Hr,Valid
Chennai,PM2.5 - Principal,2016-07-03 08:00 AM,2016,07,03,08,98,Moderate,34.4,32.0,UG/M3,1 Hr,Valid
Chennai,PM2.5 - Principal,2016-07-03 09:00 AM,2016,07,03,09,99,Moderate,35.1,32.0,UG/M3,1 Hr,Valid
Chennai,PM2.5 - Principal,2016-07-03 10:00 AM,2016,07,03,10,100,Moderate,35.3,37.0,UG/M3,1 Hr,Valid
Chennai,PM2.5 - Principal,2016-07-03 11:00 AM,2016,07,03,11,101,Unhealthy for Sensitive Groups,35.5,-999.0,UG/M3,1 Hr,Valid
Chennai,PM2.5 - Principal,2016-07-03 12:00 PM,2016,07,03,12,101,Unhealthy for Sensitive Groups,35.7,43.0,UG/M3,1 Hr,Valid
Chennai,PM2.5 - Principal,2016-07-03 01:00 PM,2016,07,03,13,101,Unhealthy for Sensitive Groups,35.7,36.0,UG/M3,1 Hr,Valid
Chennai,PM2.5 - Principal,2016-07-03 02:00 PM,2016,07,03,14,100,Moderate,35.3,28.0,UG/M3,1 Hr,Valid
Chennai,PM2.5 - Principal,2016-07-03 03:00 PM,2016,07,03,15,99,Moderate,34.8,30.0,UG/M3,1 Hr,Valid
Chennai,PM2.5 - Principal,2016-07-03 04:00 PM,2016,07,03,16,98,Moderate,34.6,37.0,UG/M3,1 Hr,Valid
Chennai,PM2.5 - Principal,2016-07-03 05:00 PM,2016,07,03,17,98,Moderate,34.3,38.0,UG/M3,1 Hr,Valid
Chennai,PM2.5 - Principal,2016-07-03 06:00 PM,2016,07,03,18,97,Moderate,33.9,38.0,UG/M3,1 Hr,Valid
Chennai,PM2.5 - Principal,2016-07-03 07:00 PM,2016,07,03,19,97,Moderate,34.0,62.0,UG/M3,1 Hr,Valid
Chennai,PM2.5 - Principal,2016-07-03 08:00 PM,2016,07,03,20,97,Moderate,34.1,49.0,UG/M3,1 Hr,Valid
Chennai,PM2.5 - Principal,2016-07-03 09:00 PM,2016,07,03,21,98,Moderate,34.5,34.0,UG/M3,1 Hr,Valid
Chennai,PM2.5 - Principal,2016-07-03 10:00 PM,2016,07,03,22,99,Moderate,34.9,36.0,UG/M3,1 Hr,Valid
Chennai,PM2.5 - Principal,2016-07-03 11:00 PM,2016,07,03,23,98,Moderate,34.6,29.0,UG/M3,1 Hr,Valid
Chennai,PM2.5 - Principal,2016-07-04 12:00 AM,2016,07,04,00,98,Moderate,34.5,33.0,UG/M3,1 Hr,Valid
Chennai,PM2.5 - Principal,2016-07-04 01:00 AM,2016,07,04,01,97,Moderate,34.0,16.0,UG/M3,1 Hr,Valid
Chennai,PM2.5 - Principal,2016-07-04 02:00 AM,2016,07,04,02,97,Moderate,33.9,25.0,UG/M3,1 Hr,Valid
Chennai,PM2.5 - Principal,2016-07-04 03:00 AM,2016,07,04,03,97,Moderate,34.1,28.0,UG/M3,1 Hr,Valid
Chennai,PM2.5 - Principal,2016-07-04 04:00 AM,2016,07,04,04,98,Moderate,34.3,27.0,UG/M3,1 Hr,Valid
Chennai,PM2.5 - Principal,2016-07-04 05:00 AM,2016,07,04,05,97,Moderate,34.2,29.0,UG/M3,1 Hr,Valid
Chennai,PM2.5 - Principal,2016-07-04 06:00 AM,2016,07,04,06,97,Moderate,34.1,32.0,UG/M3,1 Hr,Valid
Chennai,PM2.5 - Principal,2016-07-04 07:00 AM,2016,07,04,07,100,Moderate,35.3,34.0,UG/M3,1 Hr,Valid
Chennai,PM2.5 - Principal,2016-07-04 08:00 AM,2016,07,04,08,98,Moderate,34.3,42.0,UG/M3,1 Hr,Valid
Chennai,PM2.5 - Principal,2016-07-04 09:00 AM,2016,07,04,09,95,Moderate,32.9,41.0,UG/M3,1 Hr,Valid
Chennai,PM2.5 - Principal,2016-07-04 10:00 AM,2016,07,04,10,95,Moderate,32.8,31.0,UG/M3,1 Hr,Valid
Chennai,PM2.5 - Principal,2016-07-04 11:00 AM,2016,07,04,11,94,Moderate,32.7,30.0,UG/M3,1 Hr,Valid
Chennai,PM2.5 - Principal,2016-07-04 12:00 PM,2016,07,04,12,94,Moderate,32.5,31.0,UG/M3,1 Hr,Valid
Chennai,PM2.5 - Principal,2016-07-04 01:00 PM,2016,07,04,13,93,Moderate,32.1,-999.0,UG/M3,1 Hr,Valid
Chennai,PM2.5 - Principal,2016-07-04 02:00 PM,2016,07,04,14,93,Moderate,32.0,-999.0,UG/M3,1 Hr,Valid
Chennai,PM2.5 - Principal,2016-07-04 03:00 PM,2016,07,04,15,94,Moderate,32.5,-999.0,UG/M3,1 Hr,Valid
Chennai,PM2.5 - Principal,2016-07-04 04:00 PM,2016,07,04,16,94,Moderate,32.5,-999.0,UG/M3,1 Hr,Valid
Chennai,PM2.5 - Principal,2016-07-04 05:00 PM,2016,07,04,17,94,Moderate,32.6,36.0,UG/M3,1 Hr,Valid
Chennai,PM2.5 - Principal,2016-07-04 06:00 PM,2016,07,04,18,94,Moderate,32.5,62.0,UG/M3,1 Hr,Valid
Chennai,PM2.5 - Principal,2016-07-04 07:00 PM,2016,07,04,19,93,Moderate,32.3,41.0,UG/M3,1 Hr,Valid
Chennai,PM2.5 - Principal,2016-07-04 08:00 PM,2016,07,04,20,94,Moderate,32.6,22.0,UG/M3,1 Hr,Valid
Chennai,PM2.5 - Principal,2016-07-04 09:00 PM,2016,07,04,21,93,Moderate,32.0,32.0,UG/M3,1 Hr,Valid
Chennai,PM2.5 - Principal,2016-07-04 10:00 PM,2016,07,04,22,92,Moderate,31.8,33.0,UG/M3,1 Hr,Valid
Chennai,PM2.5 - Principal,2016-07-04 11:00 PM,2016,07,04,23,92,Moderate,31.7,25.0,UG/M3,1 Hr,Valid
Chennai,PM2.5 - Principal,2016-07-05 12:00 AM,2016,07,05,00,92,Moderate,31.5,25.0,UG/M3,1 Hr,Valid
Chennai,PM2.5 - Principal,2016-07-05 01:00 AM,2016,07,05,01,91,Moderate,31.0,15.0,UG/M3,1 Hr,Valid
Chennai,PM2.5 - Principal,2016-07-05 02:00 AM,2016,07,05,02,89,Moderate,30.4,34.0,UG/M3,1 Hr,Valid
Chennai,PM2.5 - Principal,2016-07-05 03:00 AM,2016,07,05,03,89,Moderate,30.3,28.0,UG/M3,1 Hr,Valid
Chennai,PM2.5 - Principal,2016-07-05 04:00 AM,2016,07,05,04,89,Moderate,30.3,30.0,UG/M3,1 Hr,Valid
Chennai,PM2.5 - Principal,2016-07-05 05:00 AM,2016,07,05,05,89,Moderate,30.2,27.0,UG/M3,1 Hr,Valid
Chennai,PM2.5 - Principal,2016-07-05 06:00 AM,2016,07,05,06,88,Moderate,29.9,28.0,UG/M3,1 Hr,Valid
Chennai,PM2.5 - Principal,2016-07-05 07:00 AM,2016,07,05,07,85,Moderate,28.4,39.0,UG/M3,1 Hr,Valid
Chennai,PM2.5 - Principal,2016-07-05 08:00 AM,2016,07,05,08,84,Moderate,28.0,31.0,UG/M3,1 Hr,Valid
Chennai,PM2.5 - Principal,2016-07-05 09:00 AM,2016,07,05,09,85,Moderate,28.3,37.0,UG/M3,1 Hr,Valid
Chennai,PM2.5 - Principal,2016-07-05 10:00 AM,2016,07,05,10,86,Moderate,28.6,29.0,UG/M3,1 Hr,Valid
Chennai,PM2.5 - Principal,2016-07-05 11:00 AM,2016,07,05,11,87,Moderate,29.2,26.0,UG/M3,1 Hr,Valid
Chennai,PM2.5 - Principal,2016-07-05 12:00 PM,2016,07,05,12,87,Moderate,29.0,21.0,UG/M3,1 Hr,Valid
Chennai,PM2.5 - Principal,2016-07-05 01:00 PM,2016,07,05,13,87,Moderate,29.1,19.0,UG/M3,1 Hr,Valid
Chennai,PM2.5 - Principal,2016-07-05 02:00 PM,2016,07,05,14,86,Moderate,28.9,28.0,UG/M3,1 Hr,Valid
Chennai,PM2.5 - Principal,2016-07-05 03:00 PM,2016,07,05,15,85,Moderate,28.4,30.0,UG/M3,1 Hr,Valid
Chennai,PM2.5 - Principal,2016-07-05 04:00 PM,2016,07,05,16,85,Moderate,28.5,29.0,UG/M3,1 Hr,Valid
Chennai,PM2.5 - Principal,2016-07-05 05:00 PM,2016,07,05,17,85,Moderate,28.5,28.0,UG/M3,1 Hr,Valid
Chennai,PM2.5 - Principal,2016-07-05 06:00 PM,2016,07,05,18,85,Moderate,28.2,26.0,UG/M3,1 Hr,Valid
Chennai,PM2.5 - Principal,2016-07-05 07:00 PM,2016,07,05,19,85,Moderate,28.3,32.0,UG/M3,1 Hr,Valid
Chennai,PM2.5 - Principal,2016-07-05 08:00 PM,2016,07,05,20,84,Moderate,27.7,28.0,UG/M3,1 Hr,Valid
Chennai,PM2.5 - Principal,2016-07-05 09:00 PM,2016,07,05,21,84,Moderate,27.7,40.0,UG/M3,1 Hr,Valid
Chennai,PM2.5 - Principal,2016-07-05 10:00 PM,2016,07,05,22,83,Moderate,27.3,48.0,UG/M3,1 Hr,Valid
Chennai,PM2.5 - Principal,2016-07-05 11:00 PM,2016,07,05,23,83,Moderate,27.2,18.0,UG/M3,1 Hr,Valid
Chennai,PM2.5 - Principal,2016-07-06 12:00 AM,2016,07,06,00,83,Moderate,27.3,29.0,UG/M3,1 Hr,Valid
Chennai,PM2.5 - Principal,2016-07-06 01:00 AM,2016,07,06,01,84,Moderate,27.6,10.0,UG/M3,1 Hr,Valid
Chennai,PM2.5 - Principal,2016-07-06 02:00 AM,2016,07,06,02,85,Moderate,28.1,21.0,UG/M3,1 Hr,Valid
Chennai,PM2.5 - Principal,2016-07-06 03:00 AM,2016,07,06,03,85,Moderate,28.1,30.0,UG/M3,1 Hr,Valid
Chennai,PM2.5 - Principal,2016-07-06 04:00 AM,2016,07,06,04,85,Moderate,28.5,32.0,UG/M3,1 Hr,Valid
Chennai,PM2.5 - Principal,2016-07-06 05:00 AM,2016,07,06,05,76,Moderate,24.2,20.0,UG/M3,1 Hr,Valid
Chennai,PM2.5 - Principal,2016-07-06 06:00 AM,2016,07,06,06,81,Moderate,26.6,29.0,UG/M3,1 Hr,Valid
Chennai,PM2.5 - Principal,2016-07-06 07:00 AM,2016,07,06,07,79,Moderate,25.3,24.0,UG/M3,1 Hr,Valid
Chennai,PM2.5 - Principal,2016-07-06 08:00 AM,2016,07,06,08,86,Moderate,28.6,32.0,UG/M3,1 Hr,Valid
Chennai,PM2.5 - Principal,2016-07-06 09:00 AM,2016,07,06,09,86,Moderate,28.6,24.0,UG/M3,1 Hr,Invalid
Chennai,PM2.5 - Principal,2016-07-06 10:00 AM,2016,07,06,10,-999,N/A,-999.0,24.0,UG/M3,1 Hr,Invalid
Chennai,PM2.5 - Principal,2016-07-06 11:00 AM,2016,07,06,11,-999,N/A,-999.0,24.0,UG/M3,1 Hr,Invalid
Chennai,PM2.5 - Principal,2016-07-06 12:00 PM,2016,07,06,12,-999,N/A,-999.0,24.0,UG/M3,1 Hr,Invalid
Chennai,PM2.5 - Principal,2016-07-06 01:00 PM,2016,07,06,13,-999,N/A,-999.0,24.0,UG/M3,1 Hr,Invalid
Chennai,PM2.5 - Principal,2016-07-06 02:00 PM,2016,07,06,14,-999,N/A,-999.0,24.0,UG/M3,1 Hr,Invalid
Chennai,PM2.5 - Principal,2016-07-06 03:00 PM,2016,07,06,15,-999,N/A,-999.0,24.0,UG/M3,1 Hr,Invalid
Chennai,PM2.5 - Principal,2016-07-06 04:00 PM,2016,07,06,16,-999,N/A,-999.0,24.0,UG/M3,1 Hr,Invalid
Chennai,PM2.5 - Principal,2016-07-06 05:00 PM,2016,07,06,17,-999,N/A,-999.0,24.0,UG/M3,1 Hr,Invalid
Chennai,PM2.5 - Principal,2016-07-06 06:00 PM,2016,07,06,18,-999,N/A,-999.0,24.0,UG/M3,1 Hr,Invalid
Chennai,PM2.5 - Principal,2016-07-06 07:00 PM,2016,07,06,19,-999,N/A,-999.0,24.0,UG/M3,1 Hr,Invalid
Chennai,PM2.5 - Principal,2016-07-06 08:00 PM,2016,07,06,20,-999,N/A,-999.0,24.0,UG/M3,1 Hr,Invalid
Chennai,PM2.5 - Principal,2016-07-06 09:00 PM,2016,07,06,21,-999,N/A,-999.0,24.0,UG/M3,1 Hr,Invalid
Chennai,PM2.5 - Principal,2016-07-06 10:00 PM,2016,07,06,22,-999,N/A,-999.0,24.0,UG/M3,1 Hr,Invalid
Chennai,PM2.5 - Principal,2016-07-06 11:00 PM,2016,07,06,23,-999,N/A,-999.0,24.0,UG/M3,1 Hr,Invalid
Chennai,PM2.5 - Principal,2016-07-07 12:00 AM,2016,07,07,00,-999,N/A,-999.0,24.0,UG/M3,1 Hr,Invalid
Chennai,PM2.5 - Principal,2016-07-07 01:00 AM,2016,07,07,01,-999,N/A,-999.0,24.0,UG/M3,1 Hr,Invalid
Chennai,PM2.5 - Principal,2016-07-07 02:00 AM,2016,07,07,02,-999,N/A,-999.0,24.0,UG/M3,1 Hr,Invalid
Chennai,PM2.5 - Principal,2016-07-07 03:00 AM,2016,07,07,03,-999,N/A,-999.0,24.0,UG/M3,1 Hr,Invalid
Chennai,PM2.5 - Principal,2016-07-07 04:00 AM,2016,07,07,04,-999,N/A,-999.0,24.0,UG/M3,1 Hr,Invalid
Chennai,PM2.5 - Principal,2016-07-07 05:00 AM,2016,07,07,05,-999,N/A,-999.0,24.0,UG/M3,1 Hr,Invalid
Chennai,PM2.5 - Principal,2016-07-07 06:00 AM,2016,07,07,06,-999,N/A,-999.0,24.0,UG/M3,1 Hr,Invalid
Chennai,PM2.5 - Principal,2016-07-07 07:00 AM,2016,07,07,07,-999,N/A,-999.0,24.0,UG/M3,1 Hr,Invalid
Chennai,PM2.5 - Principal,2016-07-07 08:00 AM,2016,07,07,08,-999,N/A,-999.0,24.0,UG/M3,1 Hr,Invalid
Chennai,PM2.5 - Principal,2016-07-07 09:00 AM,2016,07,07,09,-999,N/A,-999.0,24.0,UG/M3,1 Hr,Invalid
Chennai,PM2.5 - Principal,2016-07-07 10:00 AM,2016,07,07,10,-999,N/A,-999.0,24.0,UG/M3,1 Hr,Invalid
Chennai,PM2.5 - Principal,2016-07-07 11:00 AM,2016,07,07,11,-999,N/A,-999.0,24.0,UG/M3,1 Hr,Invalid
Chennai,PM2.5 - Principal,2016-07-07 12:00 PM,2016,07,07,12,-999,N/A,-999.0,24.0,UG/M3,1 Hr,Invalid
Chennai,PM2.5 - Principal,2016-07-07 01:00 PM,2016,07,07,13,-999,N/A,-999.0,24.0,UG/M3,1 Hr,Invalid
Chennai,PM2.5 - Principal,2016-07-07 02:00 PM,2016,07,07,14,-999,N/A,-999.0,24.0,UG/M3,1 Hr,Invalid
Chennai,PM2.5 - Principal,2016-07-07 03:00 PM,2016,07,07,15,-999,N/A,-999.0,24.0,UG/M3,1 Hr,Invalid
Chennai,PM2.5 - Principal,2016-07-07 04:00 PM,2016,07,07,16,-999,N/A,-999.0,-999.0,UG/M3,1 Hr,Valid
Chennai,PM2.5 - Principal,2016-07-07 05:00 PM,2016,07,07,17,-999,N/A,-999.0,-999.0,UG/M3,1 Hr,Valid
Chennai,PM2.5 - Principal,2016-07-07 06:00 PM,2016,07,07,18,-999,N/A,-999.0,-999.0,UG/M3,1 Hr,Valid
Chennai,PM2.5 - Principal,2016-07-07 07:00 PM,2016,07,07,19,-999,N/A,-999.0,-999.0,UG/M3,1 Hr,Valid
Chennai,PM2.5 - Principal,2016-07-07 08:00 PM,2016,07,07,20,-999,N/A,-999.0,24.0,UG/M3,1 Hr,Invalid
Chennai,PM2.5 - Principal,2016-07-07 09:00 PM,2016,07,07,21,-999,N/A,-999.0,24.0,UG/M3,1 Hr,Invalid
Chennai,PM2.5 - Principal,2016-07-07 10:00 PM,2016,07,07,22,-999,N/A,-999.0,24.0,UG/M3,1 Hr,Invalid
Chennai,PM2.5 - Principal,2016-07-07 11:00 PM,2016,07,07,23,-999,N/A,-999.0,24.0,UG/M3,1 Hr,Invalid
Chennai,PM2.5 - Principal,2016-07-08 12:00 AM,2016,07,08,00,-999,N/A,-999.0,24.0,UG/M3,1 Hr,Invalid
Chennai,PM2.5 - Principal,2016-07-08 01:00 AM,2016,07,08,01,-999,N/A,-999.0,24.0,UG/M3,1 Hr,Invalid
Chennai,PM2.5 - Principal,2016-07-08 02:00 AM,2016,07,08,02,-999,N/A,-999.0,24.0,UG/M3,1 Hr,Invalid
Chennai,PM2.5 - Principal,2016-07-08 03:00 AM,2016,07,08,03,-999,N/A,-999.0,24.0,UG/M3,1 Hr,Invalid
Chennai,PM2.5 - Principal,2016-07-08 04:00 AM,2016,07,08,04,-999,N/A,-999.0,24.0,UG/M3,1 Hr,Invalid
Chennai,PM2.5 - Principal,2016-07-08 05:00 AM,2016,07,08,05,-999,N/A,-999.0,24.0,UG/M3,1 Hr,Invalid
Chennai,PM2.5 - Principal,2016-07-08 06:00 AM,2016,07,08,06,-999,N/A,-999.0,24.0,UG/M3,1 Hr,Invalid
Chennai,PM2.5 - Principal,2016-07-08 07:00 AM,2016,07,08,07,-999,N/A,-999.0,24.0,UG/M3,1 Hr,Invalid
Chennai,PM2.5 - Principal,2016-07-08 08:00 AM,2016,07,08,08,-999,N/A,-999.0,24.0,UG/M3,1 Hr,Invalid
Chennai,PM2.5 - Principal,2016-07-08 09:00 AM,2016,07,08,09,-999,N/A,-999.0,24.0,UG/M3,1 Hr,Invalid
Chennai,PM2.5 - Principal,2016-07-08 10:00 AM,2016,07,08,10,-999,N/A,-999.0,24.0,UG/M3,1 Hr,Invalid
Chennai,PM2.5 - Principal,2016-07-08 11:00 AM,2016,07,08,11,-999,N/A,-999.0,-999.0,UG/M3,1 Hr,Valid
Chennai,PM2.5 - Principal,2016-07-08 12:00 PM,2016,07,08,12,-999,N/A,-999.0,-999.0,UG/M3,1 Hr,Valid
Chennai,PM2.5 - Principal,2016-07-08 01:00 PM,2016,07,08,13,-999,N/A,-999.0,-999.0,UG/M3,1 Hr,Valid
Chennai,PM2.5 - Principal,2016-07-08 02:00 PM,2016,07,08,14,-999,N/A,-999.0,23.0,UG/M3,1 Hr,Valid
Chennai,PM2.5 - Principal,2016-07-08 03:00 PM,2016,07,08,15,73,Moderate,22.4,22.0,UG/M3,1 Hr,Valid
Chennai,PM2.5 - Principal,2016-07-08 04:00 PM,2016,07,08,16,87,Moderate,29.2,36.0,UG/M3,1 Hr,Valid
Chennai,PM2.5 - Principal,2016-07-08 05:00 PM,2016,07,08,17,107,Unhealthy for Sensitive Groups,38.0,45.0,UG/M3,1 Hr,Valid
Chennai,PM2.5 - Principal,2016-07-08 06:00 PM,2016,07,08,18,122,Unhealthy for Sensitive Groups,44.2,50.0,UG/M3,1 Hr,Valid
Chennai,PM2.5 - Principal,2016-07-08 07:00 PM,2016,07,08,19,98,Moderate,34.4,25.0,UG/M3,1 Hr,Valid
Chennai,PM2.5 - Principal,2016-07-08 08:00 PM,2016,07,08,20,98,Moderate,34.4,-999.0,UG/M3,1 Hr,Valid
Chennai,PM2.5 - Principal,2016-07-08 09:00 PM,2016,07,08,21,83,Moderate,27.2,36.0,UG/M3,1 Hr,Valid
Chennai,PM2.5 - Principal,2016-07-08 10:00 PM,2016,07,08,22,83,Moderate,27.5,22.0,UG/M3,1 Hr,Valid
Chennai,PM2.5 - Principal,2016-07-08 11:00 PM,2016,07,08,23,84,Moderate,27.6,23.0,UG/M3,1 Hr,Valid
Chennai,PM2.5 - Principal,2016-07-09 12:00 AM,2016,07,09,00,84,Moderate,27.8,22.0,UG/M3,1 Hr,Valid
Chennai,PM2.5 - Principal,2016-07-09 01:00 AM,2016,07,09,01,85,Moderate,28.2,8.0,UG/M3,1 Hr,Valid
Chennai,PM2.5 - Principal,2016-07-09 02:00 AM,2016,07,09,02,84,Moderate,28.0,20.0,UG/M3,1 Hr,Valid
Chennai,PM2.5 - Principal,2016-07-09 03:00 AM,2016,07,09,03,85,Moderate,28.2,9.0,UG/M3,1 Hr,Valid
Chennai,PM2.5 - Principal,2016-07-09 04:00 AM,2016,07,09,04,85,Moderate,28.5,27.0,UG/M3,1 Hr,Valid
Chennai,PM2.5 - Principal,2016-07-09 05:00 AM,2016,07,09,05,84,Moderate,28.0,23.0,UG/M3,1 Hr,Valid
Chennai,PM2.5 - Principal,2016-07-09 06:00 AM,2016,07,09,06,83,Moderate,27.5,24.0,UG/M3,1 Hr,Valid
Chennai,PM2.5 - Principal,2016-07-09 07:00 AM,2016,07,09,07,81,Moderate,26.5,36.0,UG/M3,1 Hr,Valid
Chennai,PM2.5 - Principal,2016-07-09 08:00 AM,2016,07,09,08,82,Moderate,26.7,39.0,UG/M3,1 Hr,Valid
Chennai,PM2.5 - Principal,2016-07-09 09:00 AM,2016,07,09,09,83,Moderate,27.3,34.0,UG/M3,1 Hr,Valid
Chennai,PM2.5 - Principal,2016-07-09 10:00 AM,2016,07,09,10,84,Moderate,27.6,29.0,UG/M3,1 Hr,Valid
Chennai,PM2.5 - Principal,2016-07-09 11:00 AM,2016,07,09,11,85,Moderate,28.4,32.0,UG/M3,1 Hr,Valid
Chennai,PM2.5 - Principal,2016-07-09 12:00 PM,2016,07,09,12,87,Moderate,29.1,37.0,UG/M3,1 Hr,Valid
Chennai,PM2.5 - Principal,2016-07-09 01:00 PM,2016,07,09,13,87,Moderate,29.4,23.0,UG/M3,1 Hr,Valid
Chennai,PM2.5 - Principal,2016-07-09 02:00 PM,2016,07,09,14,89,Moderate,30.0,-999.0,UG/M3,1 Hr,Valid
Chennai,PM2.5 - Principal,2016-07-09 03:00 PM,2016,07,09,15,89,Moderate,30.4,27.0,UG/M3,1 Hr,Valid
Chennai,PM2.5 - Principal,2016-07-09 04:00 PM,2016,07,09,16,92,Moderate,31.4,26.0,UG/M3,1 Hr,Valid
Chennai,PM2.5 - Principal,2016-07-09 05:00 PM,2016,07,09,17,91,Moderate,30.9,35.0,UG/M3,1 Hr,Valid
Chennai,PM2.5 - Principal,2016-07-09 06:00 PM,2016,07,09,18,90,Moderate,30.8,27.0,UG/M3,1 Hr,Valid
Chennai,PM2.5 - Principal,2016-07-09 07:00 PM,2016,07,09,19,89,Moderate,30.4,29.0,UG/M3,1 Hr,Valid
Chennai,PM2.5 - Principal,2016-07-09 08:00 PM,2016,07,09,20,89,Moderate,30.3,40.0,UG/M3,1 Hr,Valid
Chennai,PM2.5 - Principal,2016-07-09 09:00 PM,2016,07,09,21,88,Moderate,29.6,43.0,UG/M3,1 Hr,Valid
Chennai,PM2.5 - Principal,2016-07-09 10:00 PM,2016,07,09,22,88,Moderate,29.7,42.0,UG/M3,1 Hr,Valid
Chennai,PM2.5 - Principal,2016-07-09 11:00 PM,2016,07,09,23,87,Moderate,29.4,38.0,UG/M3,1 Hr,Valid
Chennai,PM2.5 - Principal,2016-07-10 12:00 AM,2016,07,10,00,87,Moderate,29.0,29.0,UG/M3,1 Hr,Valid
Chennai,PM2.5 - Principal,2016-07-10 01:00 AM,2016,07,10,01,85,Moderate,28.4,22.0,UG/M3,1 Hr,Valid
Chennai,PM2.5 - Principal,2016-07-10 02:00 AM,2016,07,10,02,85,Moderate,28.2,30.0,UG/M3,1 Hr,Valid
Chennai,PM2.5 - Principal,2016-07-10 03:00 AM,2016,07,10,03,84,Moderate,28.0,31.0,UG/M3,1 Hr,Valid
Chennai,PM2.5 - Principal,2016-07-10 04:00 AM,2016,07,10,04,84,Moderate,27.9,15.0,UG/M3,1 Hr,Valid
Chennai,PM2.5 - Principal,2016-07-10 05:00 AM,2016,07,10,05,83,Moderate,27.4,21.0,UG/M3,1 Hr,Valid
Chennai,PM2.5 - Principal,2016-07-10 06:00 AM,2016,07,10,06,83,Moderate,27.2,16.0,UG/M3,1 Hr,Valid
Chennai,PM2.5 - Principal,2016-07-10 07:00 AM,2016,07,10,07,84,Moderate,27.7,32.0,UG/M3,1 Hr,Valid
Chennai,PM2.5 - Principal,2016-07-10 08:00 AM,2016,07,10,08,85,Moderate,28.5,25.0,UG/M3,1 Hr,Valid
Chennai,PM2.5 - Principal,2016-07-10 09:00 AM,2016,07,10,09,87,Moderate,29.4,36.0,UG/M3,1 Hr,Valid
Chennai,PM2.5 - Principal,2016-07-10 10:00 AM,2016,07,10,10,88,Moderate,29.8,21.0,UG/M3,1 Hr,Valid
Chennai,PM2.5 - Principal,2016-07-10 11:00 AM,2016,07,10,11,89,Moderate,30.0,22.0,UG/M3,1 Hr,Valid
Chennai,PM2.5 - Principal,2016-07-10 12:00 PM,2016,07,10,12,88,Moderate,29.7,25.0,UG/M3,1 Hr,Valid
Chennai,PM2.5 - Principal,2016-07-10 01:00 PM,2016,07,10,13,88,Moderate,29.6,17.0,UG/M3,1 Hr,Valid
Chennai,PM2.5 - Principal,2016-07-10 02:00 PM,2016,07,10,14,88,Moderate,29.5,23.0,UG/M3,1 Hr,Valid
Chennai,PM2.5 - Principal,2016-07-10 03:00 PM,2016,07,10,15,88,Moderate,29.6,25.0,UG/M3,1 Hr,Valid
Chennai,PM2.5 - Principal,2016-07-10 04:00 PM,2016,07,10,16,87,Moderate,29.2,15.0,UG/M3,1 Hr,Valid
Chennai,PM2.5 - Principal,2016-07-10 05:00 PM,2016,07,10,17,88,Moderate,29.7,31.0,UG/M3,1 Hr,Valid
Chennai,PM2.5 - Principal,2016-07-10 06:00 PM,2016,07,10,18,88,Moderate,29.7,38.0,UG/M3,1 Hr,Valid
Chennai,PM2.5 - Principal,2016-07-10 07:00 PM,2016,07,10,19,89,Moderate,30.0,47.0,UG/M3,1 Hr,Valid
Chennai,PM2.5 - Principal,2016-07-10 08:00 PM,2016,07,10,20,89,Moderate,30.0,63.0,UG/M3,1 Hr,Valid
Chennai,PM2.5 - Principal,2016-07-10 09:00 PM,2016,07,10,21,89,Moderate,30.2,52.0,UG/M3,1 Hr,Valid
Chennai,PM2.5 - Principal,2016-07-10 10:00 PM,2016,07,10,22,89,Moderate,30.0,47.0,UG/M3,1 Hr,Valid
Chennai,PM2.5 - Principal,2016-07-10 11:00 PM,2016,07,10,23,89,Moderate,30.4,32.0,UG/M3,1 Hr,Valid
Chennai,PM2.5 - Principal,2016-07-11 12:00 AM,2016,07,11,00,90,Moderate,30.8,26.0,UG/M3,1 Hr,Valid
Chennai,PM2.5 - Principal,2016-07-11 01:00 AM,2016,07,11,01,91,Moderate,31.1,19.0,UG/M3,1 Hr,Valid
Chennai,PM2.5 - Principal,2016-07-11 02:00 AM,2016,07,11,02,92,Moderate,31.8,33.0,UG/M3,1 Hr,Valid
Chennai,PM2.5 - Principal,2016-07-11 03:00 AM,2016,07,11,03,93,Moderate,32.3,21.0,UG/M3,1 Hr,Valid
Chennai,PM2.5 - Principal,2016-07-11 04:00 AM,2016,07,11,04,80,Moderate,26.1,27.0,UG/M3,1 Hr,Valid
Chennai,PM2.5 - Principal,2016-07-11 05:00 AM,2016,07,11,05,76,Moderate,24.0,22.0,UG/M3,1 Hr,Valid
Chennai,PM2.5 - Principal,2016-07-11 06:00 AM,2016,07,11,06,75,Moderate,23.5,23.0,UG/M3,1 Hr,Valid
Chennai,PM2.5 - Principal,2016-07-11 07:00 AM,2016,07,11,07,83,Moderate,27.2,31.0,UG/M3,1 Hr,Valid
Chennai,PM2.5 - Principal,2016-07-11 08:00 AM,2016,07,11,08,87,Moderate,29.1,31.0,UG/M3,1 Hr,Valid
Chennai,PM2.5 - Principal,2016-07-11 09:00 AM,2016,07,11,09,87,Moderate,29.1,-999.0,UG/M3,1 Hr,Valid
Chennai,PM2.5 - Principal,2016-07-11 10:00 AM,2016,07,11,10,-999,N/A,-999.0,37.0,UG/M3,1 Hr,Invalid
Chennai,PM2.5 - Principal,2016-07-11 11:00 AM,2016,07,11,11,-999,N/A,-999.0,37.0,UG/M3,1 Hr,Invalid
Chennai,PM2.5 - Principal,2016-07-11 12:00 PM,2016,07,11,12,-999,N/A,-999.0,37.0,UG/M3,1 Hr,Invalid
Chennai,PM2.5 - Principal,2016-07-11 01:00 PM,2016,07,11,13,-999,N/A,-999.0,37.0,UG/M3,1 Hr,Invalid
Chennai,PM2.5 - Principal,2016-07-11 02:00 PM,2016,07,11,14,-999,N/A,-999.0,37.0,UG/M3,1 Hr,Invalid
Chennai,PM2.5 - Principal,2016-07-11 03:00 PM,2016,07,11,15,-999,N/A,-999.0,-999.0,UG/M3,1 Hr,Valid
Chennai,PM2.5 - Principal,2016-07-11 04:00 PM,2016,07,11,16,-999,N/A,-999.0,28.0,UG/M3,1 Hr,Valid
Chennai,PM2.5 - Principal,2016-07-11 05:00 PM,2016,07,11,17,99,Moderate,34.8,39.0,UG/M3,1 Hr,Valid
Chennai,PM2.5 - Principal,2016-07-11 06:00 PM,2016,07,11,18,135,Unhealthy for Sensitive Groups,49.4,60.0,UG/M3,1 Hr,Valid
Chennai,PM2.5 - Principal,2016-07-11 07:00 PM,2016,07,11,19,141,Unhealthy for Sensitive Groups,51.8,54.0,UG/M3,1 Hr,Valid
Chennai,PM2.5 - Principal,2016-07-11 08:00 PM,2016,07,11,20,152,Unhealthy,57.6,63.0,UG/M3,1 Hr,Valid
Chennai,PM2.5 - Principal,2016-07-11 09:00 PM,2016,07,11,21,150,Unhealthy for Sensitive Groups,55.2,53.0,UG/M3,1 Hr,Valid
Chennai,PM2.5 - Principal,2016-07-11 10:00 PM,2016,07,11,22,116,Unhealthy for Sensitive Groups,41.6,39.0,UG/M3,1 Hr,Valid
Chennai,PM2.5 - Principal,2016-07-11 11:00 PM,2016,07,11,23,114,Unhealthy for Sensitive Groups,40.7,33.0,UG/M3,1 Hr,Valid
Chennai,PM2.5 - Principal,2016-07-12 12:00 AM,2016,07,12,00,113,Unhealthy for Sensitive Groups,40.2,32.0,UG/M3,1 Hr,Valid
Chennai,PM2.5 - Principal,2016-07-12 01:00 AM,2016,07,12,01,111,Unhealthy for Sensitive Groups,39.6,33.0,UG/M3,1 Hr,Valid
Chennai,PM2.5 - Principal,2016-07-12 02:00 AM,2016,07,12,02,111,Unhealthy for Sensitive Groups,39.7,26.0,UG/M3,1 Hr,Valid
Chennai,PM2.5 - Principal,2016-07-12 03:00 AM,2016,07,12,03,111,Unhealthy for Sensitive Groups,39.5,33.0,UG/M3,1 Hr,Valid
Chennai,PM2.5 - Principal,2016-07-12 04:00 AM,2016,07,12,04,112,Unhealthy for Sensitive Groups,39.8,40.0,UG/M3,1 Hr,Valid
Chennai,PM2.5 - Principal,2016-07-12 05:00 AM,2016,07,12,05,113,Unhealthy for Sensitive Groups,40.4,26.0,UG/M3,1 Hr,Valid
Chennai,PM2.5 - Principal,2016-07-12 06:00 AM,2016,07,12,06,114,Unhealthy for Sensitive Groups,40.8,72.0,UG/M3,1 Hr,Valid
Chennai,PM2.5 - Principal,2016-07-12 07:00 AM,2016,07,12,07,112,Unhealthy for Sensitive Groups,40.0,35.0,UG/M3,1 Hr,Valid
Chennai,PM2.5 - Principal,2016-07-12 08:00 AM,2016,07,12,08,111,Unhealthy for Sensitive Groups,39.6,42.0,UG/M3,1 Hr,Valid
Chennai,PM2.5 - Principal,2016-07-12 09:00 AM,2016,07,12,09,111,Unhealthy for Sensitive Groups,39.6,42.0,UG/M3,1 Hr,Valid
Chennai,PM2.5 - Principal,2016-07-12 10:00 AM,2016,07,12,10,110,Unhealthy for Sensitive Groups,39.3,24.0,UG/M3,1 Hr,Valid
Chennai,PM2.5 - Principal,2016-07-12 11:00 AM,2016,07,12,11,113,Unhealthy for Sensitive Groups,40.2,31.0,UG/M3,1 Hr,Valid
Chennai,PM2.5 - Principal,2016-07-12 12:00 PM,2016,07,12,12,113,Unhealthy for Sensitive Groups,40.3,27.0,UG/M3,1 Hr,Valid
Chennai,PM2.5 - Principal,2016-07-12 01:00 PM,2016,07,12,13,113,Unhealthy for Sensitive Groups,40.3,43.0,UG/M3,1 Hr,Valid
Chennai,PM2.5 - Principal,2016-07-12 02:00 PM,2016,07,12,14,112,Unhealthy for Sensitive Groups,40.1,34.0,UG/M3,1 Hr,Valid
Chennai,PM2.5 - Principal,2016-07-12 03:00 PM,2016,07,12,15,112,Unhealthy for Sensitive Groups,39.9,48.0,UG/M3,1 Hr,Valid
Chennai,PM2.5 - Principal,2016-07-12 04:00 PM,2016,07,12,16,112,Unhealthy for Sensitive Groups,39.9,42.0,UG/M3,1 Hr,Valid
Chennai,PM2.5 - Principal,2016-07-12 05:00 PM,2016,07,12,17,110,Unhealthy for Sensitive Groups,39.2,48.0,UG/M3,1 Hr,Valid
Chennai,PM2.5 - Principal,2016-07-12 06:00 PM,2016,07,12,18,110,Unhealthy for Sensitive Groups,39.1,40.0,UG/M3,1 Hr,Valid
Chennai,PM2.5 - Principal,2016-07-12 07:00 PM,2016,07,12,19,104,Unhealthy for Sensitive Groups,36.9,45.0,UG/M3,1 Hr,Valid
Chennai,PM2.5 - Principal,2016-07-12 08:00 PM,2016,07,12,20,104,Unhealthy for Sensitive Groups,36.6,63.0,UG/M3,1 Hr,Valid
Chennai,PM2.5 - Principal,2016-07-12 09:00 PM,2016,07,12,21,103,Unhealthy for Sensitive Groups,36.2,46.0,UG/M3,1 Hr,Valid
Chennai,PM2.5 - Principal,2016-07-12 10:00 PM,2016,07,12,22,102,Unhealthy for Sensitive Groups,35.8,61.0,UG/M3,1 Hr,Valid
Chennai,PM2.5 - Principal,2016-07-12 11:00 PM,2016,07,12,23,103,Unhealthy for Sensitive Groups,36.5,35.0,UG/M3,1 Hr,Valid
Chennai,PM2.5 - Principal,2016-07-13 12:00 AM,2016,07,13,00,105,Unhealthy for Sensitive Groups,37.0,32.0,UG/M3,1 Hr,Valid
Chennai,PM2.5 - Principal,2016-07-13 01:00 AM,2016,07,13,01,105,Unhealthy for Sensitive Groups,37.3,29.0,UG/M3,1 Hr,Valid
Chennai,PM2.5 - Principal,2016-07-13 02:00 AM,2016,07,13,02,105,Unhealthy for Sensitive Groups,37.0,21.0,UG/M3,1 Hr,Valid
Chennai,PM2.5 - Principal,2016-07-13 03:00 AM,2016,07,13,03,105,Unhealthy for Sensitive Groups,37.1,33.0,UG/M3,1 Hr,Valid
Chennai,PM2.5 - Principal,2016-07-13 04:00 AM,2016,07,13,04,104,Unhealthy for Sensitive Groups,36.7,24.0,UG/M3,1 Hr,Valid
Chennai,PM2.5 - Principal,2016-07-13 05:00 AM,2016,07,13,05,103,Unhealthy for Sensitive Groups,36.3,22.0,UG/M3,1 Hr,Valid
Chennai,PM2.5 - Principal,2016-07-13 06:00 AM,2016,07,13,06,101,Unhealthy for Sensitive Groups,35.6,19.0,UG/M3,1 Hr,Valid
Chennai,PM2.5 - Principal,2016-07-13 07:00 AM,2016,07,13,07,100,Moderate,35.4,29.0,UG/M3,1 Hr,Valid
Chennai,PM2.5 - Principal,2016-07-13 08:00 AM,2016,07,13,08,103,Unhealthy for Sensitive Groups,36.5,32.0,UG/M3,1 Hr,Valid
Chennai,PM2.5 - Principal,2016-07-13 09:00 AM,2016,07,13,09,104,Unhealthy for Sensitive Groups,36.9,33.0,UG/M3,1 Hr,Valid
Chennai,PM2.5 - Principal,2016-07-13 10:00 AM,2016,07,13,10,105,Unhealthy for Sensitive Groups,37.2,40.0,UG/M3,1 Hr,Valid
Chennai,PM2.5 - Principal,2016-07-13 11:00 AM,2016,07,13,11,104,Unhealthy for Sensitive Groups,36.6,42.0,UG/M3,1 Hr,Valid
Chennai,PM2.5 - Principal,2016-07-13 12:00 PM,2016,07,13,12,103,Unhealthy for Sensitive Groups,36.2,36.0,UG/M3,1 Hr,Valid
Chennai,PM2.5 - Principal,2016-07-13 01:00 PM,2016,07,13,13,102,Unhealthy for Sensitive Groups,35.8,36.0,UG/M3,1 Hr,Valid
Chennai,PM2.5 - Principal,2016-07-13 02:00 PM,2016,07,13,14,100,Moderate,35.3,35.0,UG/M3,1 Hr,Valid
Chennai,PM2.5 - Principal,2016-07-13 03:00 PM,2016,07,13,15,102,Unhealthy for Sensitive Groups,35.8,38.0,UG/M3,1 Hr,Valid
Chennai,PM2.5 - Principal,2016-07-13 04:00 PM,2016,07,13,16,101,Unhealthy for Sensitive Groups,35.7,34.0,UG/M3,1 Hr,Valid
Chennai,PM2.5 - Principal,2016-07-13 05:00 PM,2016,07,13,17,103,Unhealthy for Sensitive Groups,36.2,30.0,UG/M3,1 Hr,Valid
Chennai,PM2.5 - Principal,2016-07-13 06:00 PM,2016,07,13,18,104,Unhealthy for Sensitive Groups,36.7,35.0,UG/M3,1 Hr,Valid
Chennai,PM2.5 - Principal,2016-07-13 07:00 PM,2016,07,13,19,105,Unhealthy for Sensitive Groups,37.2,73.0,UG/M3,1 Hr,Valid
Chennai,PM2.5 - Principal,2016-07-13 08:00 PM,2016,07,13,20,107,Unhealthy for Sensitive Groups,37.9,72.0,UG/M3,1 Hr,Valid
Chennai,PM2.5 - Principal,2016-07-13 09:00 PM,2016,07,13,21,107,Unhealthy for Sensitive Groups,37.9,53.0,UG/M3,1 Hr,Valid
Chennai,PM2.5 - Principal,2016-07-13 10:00 PM,2016,07,13,22,107,Unhealthy for Sensitive Groups,37.9,47.0,UG/M3,1 Hr,Valid
Chennai,PM2.5 - Principal,2016-07-13 11:00 PM,2016,07,13,23,105,Unhealthy for Sensitive Groups,37.3,26.0,UG/M3,1 Hr,Valid
Chennai,PM2.5 - Principal,2016-07-14 12:00 AM,2016,07,14,00,104,Unhealthy for Sensitive Groups,36.7,22.0,UG/M3,1 Hr,Valid
Chennai,PM2.5 - Principal,2016-07-14 01:00 AM,2016,07,14,01,104,Unhealthy for Sensitive Groups,36.6,17.0,UG/M3,1 Hr,Valid
Chennai,PM2.5 - Principal,2016-07-14 02:00 AM,2016,07,14,02,103,Unhealthy for Sensitive Groups,36.2,32.0,UG/M3,1 Hr,Valid
Chennai,PM2.5 - Principal,2016-07-14 03:00 AM,2016,07,14,03,102,Unhealthy for Sensitive Groups,36.0,32.0,UG/M3,1 Hr,Valid
Chennai,PM2.5 - Principal,2016-07-14 04:00 AM,2016,07,14,04,101,Unhealthy for Sensitive Groups,35.6,36.0,UG/M3,1 Hr,Valid
Chennai,PM2.5 - Principal,2016-07-14 05:00 AM,2016,07,14,05,100,Moderate,35.3,32.0,UG/M3,1 Hr,Valid
Chennai,PM2.5 - Principal,2016-07-14 06:00 AM,2016,07,14,06,101,Unhealthy for Sensitive Groups,35.5,31.0,UG/M3,1 Hr,Valid
Chennai,PM2.5 - Principal,2016-07-14 07:00 AM,2016,07,14,07,101,Unhealthy for Sensitive Groups,35.5,46.0,UG/M3,1 Hr,Valid
Chennai,PM2.5 - Principal,2016-07-14 08:00 AM,2016,07,14,08,97,Moderate,33.9,33.0,UG/M3,1 Hr,Valid
Chennai,PM2.5 - Principal,2016-07-14 09:00 AM,2016,07,14,09,93,Moderate,32.2,32.0,UG/M3,1 Hr,Valid
Chennai,PM2.5 - Principal,2016-07-14 10:00 AM,2016,07,14,10,91,Moderate,30.9,26.0,UG/M3,1 Hr,Valid
Chennai,PM2.5 - Principal,2016-07-14 11:00 AM,2016,07,14,11,89,Moderate,30.2,29.0,UG/M3,1 Hr,Valid
Chennai,PM2.5 - Principal,2016-07-14 12:00 PM,2016,07,14,12,90,Moderate,30.7,32.0,UG/M3,1 Hr,Valid
Chennai,PM2.5 - Principal,2016-07-14 01:00 PM,2016,07,14,13,92,Moderate,31.4,27.0,UG/M3,1 Hr,Valid
Chennai,PM2.5 - Principal,2016-07-14 02:00 PM,2016,07,14,14,94,Moderate,32.5,30.0,UG/M3,1 Hr,Valid
Chennai,PM2.5 - Principal,2016-07-14 03:00 PM,2016,07,14,15,94,Moderate,32.6,29.0,UG/M3,1 Hr,Valid
Chennai,PM2.5 - Principal,2016-07-14 04:00 PM,2016,07,14,16,95,Moderate,32.8,26.0,UG/M3,1 Hr,Valid
Chennai,PM2.5 - Principal,2016-07-14 05:00 PM,2016,07,14,17,94,Moderate,32.5,35.0,UG/M3,1 Hr,Valid
Chennai,PM2.5 - Principal,2016-07-14 06:00 PM,2016,07,14,18,94,Moderate,32.5,36.0,UG/M3,1 Hr,Valid
Chennai,PM2.5 - Principal,2016-07-14 07:00 PM,2016,07,14,19,93,Moderate,32.3,33.0,UG/M3,1 Hr,Valid
Chennai,PM2.5 - Principal,2016-07-14 08:00 PM,2016,07,14,20,93,Moderate,32.0,31.0,UG/M3,1 Hr,Valid
Chennai,PM2.5 - Principal,2016-07-14 09:00 PM,2016,07,14,21,95,Moderate,33.0,23.0,UG/M3,1 Hr,Valid
Chennai,PM2.5 - Principal,2016-07-14 10:00 PM,2016,07,14,22,97,Moderate,34.1,29.0,UG/M3,1 Hr,Valid
Chennai,PM2.5 - Principal,2016-07-14 11:00 PM,2016,07,14,23,99,Moderate,35.1,38.0,UG/M3,1 Hr,Valid
Chennai,PM2.5 - Principal,2016-07-15 12:00 AM,2016,07,15,00,100,Moderate,35.4,40.0,UG/M3,1 Hr,Valid
Chennai,PM2.5 - Principal,2016-07-15 01:00 AM,2016,07,15,01,102,Unhealthy for Sensitive Groups,35.8,43.0,UG/M3,1 Hr,Valid
Chennai,PM2.5 - Principal,2016-07-15 02:00 AM,2016,07,15,02,103,Unhealthy for Sensitive Groups,36.4,34.0,UG/M3,1 Hr,Valid
Chennai,PM2.5 - Principal,2016-07-15 03:00 AM,2016,07,15,03,104,Unhealthy for Sensitive Groups,36.8,37.0,UG/M3,1 Hr,Valid
Chennai,PM2.5 - Principal,2016-07-15 04:00 AM,2016,07,15,04,106,Unhealthy for Sensitive Groups,37.4,29.0,UG/M3,1 Hr,Valid
Chennai,PM2.5 - Principal,2016-07-15 05:00 AM,2016,07,15,05,107,Unhealthy for Sensitive Groups,38.0,32.0,UG/M3,1 Hr,Valid
Chennai,PM2.5 - Principal,2016-07-15 06:00 AM,2016,07,15,06,108,Unhealthy for Sensitive Groups,38.2,27.0,UG/M3,1 Hr,Valid
Chennai,PM2.5 - Principal,2016-07-15 07:00 AM,2016,07,15,07,109,Unhealthy for Sensitive Groups,38.7,38.0,UG/M3,1 Hr,Valid
Chennai,PM2.5 - Principal,2016-07-15 08:00 AM,2016,07,15,08,110,Unhealthy for Sensitive Groups,39.0,56.0,UG/M3,1 Hr,Valid
Chennai,PM2.5 - Principal,2016-07-15 09:00 AM,2016,07,15,09,110,Unhealthy for Sensitive Groups,39.2,59.0,UG/M3,1 Hr,Valid
Chennai,PM2.5 - Principal,2016-07-15 10:00 AM,2016,07,15,10,112,Unhealthy for Sensitive Groups,40.1,51.0,UG/M3,1 Hr,Valid
Chennai,PM2.5 - Principal,2016-07-15 11:00 AM,2016,07,15,11,114,Unhealthy for Sensitive Groups,40.7,35.0,UG/M3,1 Hr,Valid
Chennai,PM2.5 - Principal,2016-07-15 12:00 PM,2016,07,15,12,115,Unhealthy for Sensitive Groups,41.1,43.0,UG/M3,1 Hr,Valid
Chennai,PM2.5 - Principal,2016-07-15 01:00 PM,2016,07,15,13,115,Unhealthy for Sensitive Groups,41.1,40.0,UG/M3,1 Hr,Valid
Chennai,PM2.5 - Principal,2016-07-15 02:00 PM,2016,07,15,14,113,Unhealthy for Sensitive Groups,40.3,40.0,UG/M3,1 Hr,Valid
Chennai,PM2.5 - Principal,2016-07-15 03:00 PM,2016,07,15,15,112,Unhealthy for Sensitive Groups,40.1,43.0,UG/M3,1 Hr,Valid
Chennai,PM2.5 - Principal,2016-07-15 04:00 PM,2016,07,15,16,111,Unhealthy for Sensitive Groups,39.5,40.0,UG/M3,1 Hr,Valid
Chennai,PM2.5 - Principal,2016-07-15 05:00 PM,2016,07,15,17,110,Unhealthy for Sensitive Groups,39.2,42.0,UG/M3,1 Hr,Valid
Chennai,PM2.5 - Principal,2016-07-15 06:00 PM,2016,07,15,18,110,Unhealthy for Sensitive Groups,39.0,46.0,UG/M3,1 Hr,Valid
Chennai,PM2.5 - Principal,2016-07-15 07:00 PM,2016,07,15,19,110,Unhealthy for Sensitive Groups,39.0,40.0,UG/M3,1 Hr,Valid
Chennai,PM2.5 - Principal,2016-07-15 08:00 PM,2016,07,15,20,109,Unhealthy for Sensitive Groups,38.8,38.0,UG/M3,1 Hr,Valid
Chennai,PM2.5 - Principal,2016-07-15 09:00 PM,2016,07,15,21,108,Unhealthy for Sensitive Groups,38.3,44.0,UG/M3,1 Hr,Valid
Chennai,PM2.5 - Principal,2016-07-15 10:00 PM,2016,07,15,22,106,Unhealthy for Sensitive Groups,37.7,42.0,UG/M3,1 Hr,Valid
Chennai,PM2.5 - Principal,2016-07-15 11:00 PM,2016,07,15,23,105,Unhealthy for Sensitive Groups,37.2,48.0,UG/M3,1 Hr,Valid
Chennai,PM2.5 - Principal,2016-07-16 12:00 AM,2016,07,16,00,106,Unhealthy for Sensitive Groups,37.6,41.0,UG/M3,1 Hr,Valid
Chennai,PM2.5 - Principal,2016-07-16 01:00 AM,2016,07,16,01,106,Unhealthy for Sensitive Groups,37.4,23.0,UG/M3,1 Hr,Valid
Chennai,PM2.5 - Principal,2016-07-16 02:00 AM,2016,07,16,02,106,Unhealthy for Sensitive Groups,37.7,29.0,UG/M3,1 Hr,Valid
Chennai,PM2.5 - Principal,2016-07-16 03:00 AM,2016,07,16,03,106,Unhealthy for Sensitive Groups,37.4,24.0,UG/M3,1 Hr,Valid
Chennai,PM2.5 - Principal,2016-07-16 04:00 AM,2016,07,16,04,105,Unhealthy for Sensitive Groups,37.0,21.0,UG/M3,1 Hr,Valid
Chennai,PM2.5 - Principal,2016-07-16 05:00 AM,2016,07,16,05,103,Unhealthy for Sensitive Groups,36.5,26.0,UG/M3,1 Hr,Valid
Chennai,PM2.5 - Principal,2016-07-16 06:00 AM,2016,07,16,06,104,Unhealthy for Sensitive Groups,36.8,27.0,UG/M3,1 Hr,Valid
Chennai,PM2.5 - Principal,2016-07-16 07:00 AM,2016,07,16,07,105,Unhealthy for Sensitive Groups,37.0,34.0,UG/M3,1 Hr,Valid
Chennai,PM2.5 - Principal,2016-07-16 08:00 AM,2016,07,16,08,103,Unhealthy for Sensitive Groups,36.5,45.0,UG/M3,1 Hr,Valid
Chennai,PM2.5 - Principal,2016-07-16 09:00 AM,2016,07,16,09,102,Unhealthy for Sensitive Groups,36.1,43.0,UG/M3,1 Hr,Valid
Chennai,PM2.5 - Principal,2016-07-16 10:00 AM,2016,07,16,10,101,Unhealthy for Sensitive Groups,35.7,39.0,UG/M3,1 Hr,Valid
Chennai,PM2.5 - Principal,2016-07-16 11:00 AM,2016,07,16,11,101,Unhealthy for Sensitive Groups,35.6,46.0,UG/M3,1 Hr,Valid
Chennai,PM2.5 - Principal,2016-07-16 12:00 PM,2016,07,16,12,101,Unhealthy for Sensitive Groups,35.5,38.0,UG/M3,1 Hr,Valid
Chennai,PM2.5 - Principal,2016-07-16 01:00 PM,2016,07,16,13,99,Moderate,35.1,48.0,UG/M3,1 Hr,Valid
Chennai,PM2.5 - Principal,2016-07-16 02:00 PM,2016,07,16,14,99,Moderate,34.7,31.0,UG/M3,1 Hr,Valid
Chennai,PM2.5 - Principal,2016-07-16 03:00 PM,2016,07,16,15,99,Moderate,34.9,35.0,UG/M3,1 Hr,Valid
Chennai,PM2.5 - Principal,2016-07-16 04:00 PM,2016,07,16,16,100,Moderate,35.2,26.0,UG/M3,1 Hr,Valid
Chennai,PM2.5 - Principal,2016-07-16 05:00 PM,2016,07,16,17,101,Unhealthy for Sensitive Groups,35.7,50.0,UG/M3,1 Hr,Valid
Chennai,PM2.5 - Principal,2016-07-16 06:00 PM,2016,07,16,18,102,Unhealthy for Sensitive Groups,35.8,50.0,UG/M3,1 Hr,Valid
Chennai,PM2.5 - Principal,2016-07-16 07:00 PM,2016,07,16,19,102,Unhealthy for Sensitive Groups,36.0,30.0,UG/M3,1 Hr,Valid
Chennai,PM2.5 - Principal,2016-07-16 08:00 PM,2016,07,16,20,103,Unhealthy for Sensitive Groups,36.5,28.0,UG/M3,1 Hr,Valid
Chennai,PM2.5 - Principal,2016-07-16 09:00 PM,2016,07,16,21,103,Unhealthy for Sensitive Groups,36.3,34.0,UG/M3,1 Hr,Valid
Chennai,PM2.5 - Principal,2016-07-16 10:00 PM,2016,07,16,22,102,Unhealthy for Sensitive Groups,36.0,39.0,UG/M3,1 Hr,Valid
Chennai,PM2.5 - Principal,2016-07-16 11:00 PM,2016,07,16,23,102,Unhealthy for Sensitive Groups,36.1,45.0,UG/M3,1 Hr,Valid
Chennai,PM2.5 - Principal,2016-07-17 12:00 AM,2016,07,17,00,103,Unhealthy for Sensitive Groups,36.2,33.0,UG/M3,1 Hr,Valid
Chennai,PM2.5 - Principal,2016-07-17 01:00 AM,2016,07,17,01,104,Unhealthy for Sensitive Groups,36.7,12.0,UG/M3,1 Hr,Valid
Chennai,PM2.5 - Principal,2016-07-17 02:00 AM,2016,07,17,02,104,Unhealthy for Sensitive Groups,36.9,35.0,UG/M3,1 Hr,Valid
Chennai,PM2.5 - Principal,2016-07-17 03:00 AM,2016,07,17,03,106,Unhealthy for Sensitive Groups,37.6,32.0,UG/M3,1 Hr,Valid
Chennai,PM2.5 - Principal,2016-07-17 04:00 AM,2016,07,17,04,105,Unhealthy for Sensitive Groups,37.2,33.0,UG/M3,1 Hr,Valid
Chennai,PM2.5 - Principal,2016-07-17 05:00 AM,2016,07,17,05,106,Unhealthy for Sensitive Groups,37.5,27.0,UG/M3,1 Hr,Valid
Chennai,PM2.5 - Principal,2016-07-17 06:00 AM,2016,07,17,06,103,Unhealthy for Sensitive Groups,36.4,33.0,UG/M3,1 Hr,Valid
Chennai,PM2.5 - Principal,2016-07-17 07:00 AM,2016,07,17,07,99,Moderate,34.9,46.0,UG/M3,1 Hr,Valid
Chennai,PM2.5 - Principal,2016-07-17 08:00 AM,2016,07,17,08,99,Moderate,35.0,39.0,UG/M3,1 Hr,Valid
Chennai,PM2.5 - Principal,2016-07-17 09:00 AM,2016,07,17,09,100,Moderate,35.2,37.0,UG/M3,1 Hr,Valid
Chennai,PM2.5 - Principal,2016-07-17 10:00 AM,2016,07,17,10,103,Unhealthy for Sensitive Groups,36.2,40.0,UG/M3,1 Hr,Valid
Chennai,PM2.5 - Principal,2016-07-17 11:00 AM,2016,07,17,11,106,Unhealthy for Sensitive Groups,37.4,48.0,UG/M3,1 Hr,Valid
Chennai,PM2.5 - Principal,2016-07-17 12:00 PM,2016,07,17,12,106,Unhealthy for Sensitive Groups,37.5,51.0,UG/M3,1 Hr,Valid
Chennai,PM2.5 - Principal,2016-07-17 01:00 PM,2016,07,17,13,106,Unhealthy for Sensitive Groups,37.5,52.0,UG/M3,1 Hr,Valid
Chennai,PM2.5 - Principal,2016-07-17 02:00 PM,2016,07,17,14,109,Unhealthy for Sensitive Groups,38.6,48.0,UG/M3,1 Hr,Valid
Chennai,PM2.5 - Principal,2016-07-17 03:00 PM,2016,07,17,15,108,Unhealthy for Sensitive Groups,38.2,27.0,UG/M3,1 Hr,Valid
Chennai,PM2.5 - Principal,2016-07-17 04:00 PM,2016,07,17,16,107,Unhealthy for Sensitive Groups,37.9,32.0,UG/M3,1 Hr,Valid
Chennai,PM2.5 - Principal,2016-07-17 05:00 PM,2016,07,17,17,105,Unhealthy for Sensitive Groups,37.0,24.0,UG/M3,1 Hr,Valid
Chennai,PM2.5 - Principal,2016-07-17 06:00 PM,2016,07,17,18,105,Unhealthy for Sensitive Groups,37.1,14.0,UG/M3,1 Hr,Valid
Chennai,PM2.5 - Principal,2016-07-17 07:00 PM,2016,07,17,19,103,Unhealthy for Sensitive Groups,36.5,32.0,UG/M3,1 Hr,Valid
Chennai,PM2.5 - Principal,2016-07-17 08:00 PM,2016,07,17,20,102,Unhealthy for Sensitive Groups,36.0,33.0,UG/M3,1 Hr,Valid
Chennai,PM2.5 - Principal,2016-07-17 09:00 PM,2016,07,17,21,102,Unhealthy for Sensitive Groups,36.0,57.0,UG/M3,1 Hr,Valid
Chennai,PM2.5 - Principal,2016-07-17 10:00 PM,2016,07,17,22,102,Unhealthy for Sensitive Groups,36.0,68.0,UG/M3,1 Hr,Valid
Chennai,PM2.5 - Principal,2016-07-17 11:00 PM,2016,07,17,23,102,Unhealthy for Sensitive Groups,36.0,48.0,UG/M3,1 Hr,Valid
Chennai,PM2.5 - Principal,2016-07-18 12:00 AM,2016,07,18,00,100,Moderate,35.2,33.0,UG/M3,1 Hr,Valid
Chennai,PM2.5 - Principal,2016-07-18 01:00 AM,2016,07,18,01,98,Moderate,34.3,-999.0,UG/M3,1 Hr,Valid
Chennai,PM2.5 - Principal,2016-07-18 02:00 AM,2016,07,18,02,97,Moderate,33.8,25.0,UG/M3,1 Hr,Valid
Chennai,PM2.5 - Principal,2016-07-18 03:00 AM,2016,07,18,03,96,Moderate,33.3,26.0,UG/M3,1 Hr,Valid
Chennai,PM2.5 - Principal,2016-07-18 04:00 AM,2016,07,18,04,97,Moderate,33.8,12.0,UG/M3,1 Hr,Valid
Chennai,PM2.5 - Principal,2016-07-18 05:00 AM,2016,07,18,05,97,Moderate,33.8,29.0,UG/M3,1 Hr,Valid
Chennai,PM2.5 - Principal,2016-07-18 06:00 AM,2016,07,18,06,98,Moderate,34.3,19.0,UG/M3,1 Hr,Valid
Chennai,PM2.5 - Principal,2016-07-18 07:00 AM,2016,07,18,07,99,Moderate,34.7,36.0,UG/M3,1 Hr,Valid
Chennai,PM2.5 - Principal,2016-07-18 08:00 AM,2016,07,18,08,98,Moderate,34.4,39.0,UG/M3,1 Hr,Valid
Chennai,PM2.5 - Principal,2016-07-18 09:00 AM,2016,07,18,09,98,Moderate,34.5,36.0,UG/M3,1 Hr,Valid
Chennai,PM2.5 - Principal,2016-07-18 10:00 AM,2016,07,18,10,96,Moderate,33.3,40.0,UG/M3,1 Hr,Valid
Chennai,PM2.5 - Principal,2016-07-18 11:00 AM,2016,07,18,11,92,Moderate,31.8,29.0,UG/M3,1 Hr,Valid
Chennai,PM2.5 - Principal,2016-07-18 12:00 PM,2016,07,18,12,91,Moderate,31.2,32.0,UG/M3,1 Hr,Valid
Chennai,PM2.5 - Principal,2016-07-18 01:00 PM,2016,07,18,13,91,Moderate,31.3,39.0,UG/M3,1 Hr,Valid
Chennai,PM2.5 - Principal,2016-07-18 02:00 PM,2016,07,18,14,91,Moderate,31.0,36.0,UG/M3,1 Hr,Valid
Chennai,PM2.5 - Principal,2016-07-18 03:00 PM,2016,07,18,15,91,Moderate,30.9,39.0,UG/M3,1 Hr,Valid
Chennai,PM2.5 - Principal,2016-07-18 04:00 PM,2016,07,18,16,90,Moderate,30.6,32.0,UG/M3,1 Hr,Valid
Chennai,PM2.5 - Principal,2016-07-18 05:00 PM,2016,07,18,17,91,Moderate,31.1,35.0,UG/M3,1 Hr,Valid
Chennai,PM2.5 - Principal,2016-07-18 06:00 PM,2016,07,18,18,90,Moderate,30.7,24.0,UG/M3,1 Hr,Valid
Chennai,PM2.5 - Principal,2016-07-18 07:00 PM,2016,07,18,19,91,Moderate,31.1,25.0,UG/M3,1 Hr,Valid
Chennai,PM2.5 - Principal,2016-07-18 08:00 PM,2016,07,18,20,91,Moderate,31.3,35.0,UG/M3,1 Hr,Valid
Chennai,PM2.5 - Principal,2016-07-18 09:00 PM,2016,07,18,21,92,Moderate,31.4,31.0,UG/M3,1 Hr,Valid
Chennai,PM2.5 - Principal,2016-07-18 10:00 PM,2016,07,18,22,93,Moderate,31.9,33.0,UG/M3,1 Hr,Valid
Chennai,PM2.5 - Principal,2016-07-18 11:00 PM,2016,07,18,23,93,Moderate,31.9,34.0,UG/M3,1 Hr,Valid
Chennai,PM2.5 - Principal,2016-07-19 12:00 AM,2016,07,19,00,93,Moderate,32.0,36.0,UG/M3,1 Hr,Valid
Chennai,PM2.5 - Principal,2016-07-19 01:00 AM,2016,07,19,01,93,Moderate,32.0,22.0,UG/M3,1 Hr,Valid
Chennai,PM2.5 - Principal,2016-07-19 02:00 AM,2016,07,19,02,94,Moderate,32.5,24.0,UG/M3,1 Hr,Valid
Chennai,PM2.5 - Principal,2016-07-19 03:00 AM,2016,07,19,03,95,Moderate,32.8,18.0,UG/M3,1 Hr,Valid
Chennai,PM2.5 - Principal,2016-07-19 04:00 AM,2016,07,19,04,94,Moderate,32.7,25.0,UG/M3,1 Hr,Valid
Chennai,PM2.5 - Principal,2016-07-19 05:00 AM,2016,07,19,05,94,Moderate,32.6,18.0,UG/M3,1 Hr,Valid
Chennai,PM2.5 - Principal,2016-07-19 06:00 AM,2016,07,19,06,94,Moderate,32.6,30.0,UG/M3,1 Hr,Valid
Chennai,PM2.5 - Principal,2016-07-19 07:00 AM,2016,07,19,07,95,Moderate,33.0,41.0,UG/M3,1 Hr,Valid
Chennai,PM2.5 - Principal,2016-07-19 08:00 AM,2016,07,19,08,96,Moderate,33.4,41.0,UG/M3,1 Hr,Valid
Chennai,PM2.5 - Principal,2016-07-19 09:00 AM,2016,07,19,09,97,Moderate,33.8,48.0,UG/M3,1 Hr,Valid
Chennai,PM2.5 - Principal,2016-07-19 10:00 AM,2016,07,19,10,99,Moderate,34.7,39.0,UG/M3,1 Hr,Valid
Chennai,PM2.5 - Principal,2016-07-19 11:00 AM,2016,07,19,11,99,Moderate,35.0,-999.0,UG/M3,1 Hr,Valid
Chennai,PM2.5 - Principal,2016-07-19 12:00 PM,2016,07,19,12,99,Moderate,34.9,33.0,UG/M3,1 Hr,Valid
Chennai,PM2.5 - Principal,2016-07-19 01:00 PM,2016,07,19,13,99,Moderate,34.9,49.0,UG/M3,1 Hr,Valid
Chennai,PM2.5 - Principal,2016-07-19 02:00 PM,2016,07,19,14,99,Moderate,34.8,43.0,UG/M3,1 Hr,Valid
Chennai,PM2.5 - Principal,2016-07-19 03:00 PM,2016,07,19,15,101,Unhealthy for Sensitive Groups,35.6,37.0,UG/M3,1 Hr,Valid
Chennai,PM2.5 - Principal,2016-07-19 04:00 PM,2016,07,19,16,106,Unhealthy for Sensitive Groups,37.5,29.0,UG/M3,1 Hr,Valid
Chennai,PM2.5 - Principal,2016-07-19 05:00 PM,2016,07,19,17,107,Unhealthy for Sensitive Groups,38.1,35.0,UG/M3,1 Hr,Valid
Chennai,PM2.5 - Principal,2016-07-19 06:00 PM,2016,07,19,18,108,Unhealthy for Sensitive Groups,38.4,34.0,UG/M3,1 Hr,Valid
Chennai,PM2.5 - Principal,2016-07-19 07:00 PM,2016,07,19,19,108,Unhealthy for Sensitive Groups,38.3,35.0,UG/M3,1 Hr,Valid
Chennai,PM2.5 - Principal,2016-07-19 08:00 PM,2016,07,19,20,107,Unhealthy for Sensitive Groups,38.1,44.0,UG/M3,1 Hr,Valid
Chennai,PM2.5 - Principal,2016-07-19 09:00 PM,2016,07,19,21,107,Unhealthy for Sensitive Groups,38.0,51.0,UG/M3,1 Hr,Valid
Chennai,PM2.5 - Principal,2016-07-19 10:00 PM,2016,07,19,22,109,Unhealthy for Sensitive Groups,38.8,40.0,UG/M3,1 Hr,Valid
Chennai,PM2.5 - Principal,2016-07-19 11:00 PM,2016,07,19,23,109,Unhealthy for Sensitive Groups,38.8,32.0,UG/M3,1 Hr,Valid
Chennai,PM2.5 - Principal,2016-07-20 12:00 AM,2016,07,20,00,110,Unhealthy for Sensitive Groups,39.0,35.0,UG/M3,1 Hr,Valid
Chennai,PM2.5 - Principal,2016-07-20 01:00 AM,2016,07,20,01,109,Unhealthy for Sensitive Groups,38.9,21.0,UG/M3,1 Hr,Valid
Chennai,PM2.5 - Principal,2016-07-20 02:00 AM,2016,07,20,02,107,Unhealthy for Sensitive Groups,38.1,42.0,UG/M3,1 Hr,Valid
Chennai,PM2.5 - Principal,2016-07-20 03:00 AM,2016,07,20,03,106,Unhealthy for Sensitive Groups,37.4,61.0,UG/M3,1 Hr,Valid
Chennai,PM2.5 - Principal,2016-07-20 04:00 AM,2016,07,20,04,106,Unhealthy for Sensitive Groups,37.7,40.0,UG/M3,1 Hr,Valid
Chennai,PM2.5 - Principal,2016-07-20 05:00 AM,2016,07,20,05,107,Unhealthy for Sensitive Groups,38.0,25.0,UG/M3,1 Hr,Valid
Chennai,PM2.5 - Principal,2016-07-20 06:00 AM,2016,07,20,06,107,Unhealthy for Sensitive Groups,38.0,26.0,UG/M3,1 Hr,Valid
Chennai,PM2.5 - Principal,2016-07-20 07:00 AM,2016,07,20,07,109,Unhealthy for Sensitive Groups,38.6,-999.0,UG/M3,1 Hr,Valid
Chennai,PM2.5 - Principal,2016-07-20 08:00 AM,2016,07,20,08,110,Unhealthy for Sensitive Groups,39.0,-999.0,UG/M3,1 Hr,Valid
Chennai,PM2.5 - Principal,2016-07-20 09:00 AM,2016,07,20,09,111,Unhealthy for Sensitive Groups,39.5,65.0,UG/M3,1 Hr,Valid
Chennai,PM2.5 - Principal,2016-07-20 10:00 AM,2016,07,20,10,112,Unhealthy for Sensitive Groups,40.0,-999.0,UG/M3,1 Hr,Valid
Chennai,PM2.5 - Principal,2016-07-20 11:00 AM,2016,07,20,11,113,Unhealthy for Sensitive Groups,40.3,43.0,UG/M3,1 Hr,Valid
Chennai,PM2.5 - Principal,2016-07-20 12:00 PM,2016,07,20,12,114,Unhealthy for Sensitive Groups,40.7,30.0,UG/M3,1 Hr,Valid
Chennai,PM2.5 - Principal,2016-07-20 01:00 PM,2016,07,20,13,114,Unhealthy for Sensitive Groups,40.7,34.0,UG/M3,1 Hr,Valid
Chennai,PM2.5 - Principal,2016-07-20 02:00 PM,2016,07,20,14,113,Unhealthy for Sensitive Groups,40.4,27.0,UG/M3,1 Hr,Valid
Chennai,PM2.5 - Principal,2016-07-20 03:00 PM,2016,07,20,15,110,Unhealthy for Sensitive Groups,39.3,43.0,UG/M3,1 Hr,Valid
Chennai,PM2.5 - Principal,2016-07-20 04:00 PM,2016,07,20,16,105,Unhealthy for Sensitive Groups,37.1,36.0,UG/M3,1 Hr,Valid
Chennai,PM2.5 - Principal,2016-07-20 05:00 PM,2016,07,20,17,102,Unhealthy for Sensitive Groups,36.0,34.0,UG/M3,1 Hr,Valid
Chennai,PM2.5 - Principal,2016-07-20 06:00 PM,2016,07,20,18,103,Unhealthy for Sensitive Groups,36.2,47.0,UG/M3,1 Hr,Valid
Chennai,PM2.5 - Principal,2016-07-20 07:00 PM,2016,07,20,19,103,Unhealthy for Sensitive Groups,36.3,43.0,UG/M3,1 Hr,Valid
Chennai,PM2.5 - Principal,2016-07-20 08:00 PM,2016,07,20,20,103,Unhealthy for Sensitive Groups,36.4,55.0,UG/M3,1 Hr,Valid
Chennai,PM2.5 - Principal,2016-07-20 09:00 PM,2016,07,20,21,104,Unhealthy for Sensitive Groups,36.6,61.0,UG/M3,1 Hr,Valid
Chennai,PM2.5 - Principal,2016-07-20 10:00 PM,2016,07,20,22,101,Unhealthy for Sensitive Groups,35.6,48.0,UG/M3,1 Hr,Valid
Chennai,PM2.5 - Principal,2016-07-20 11:00 PM,2016,07,20,23,101,Unhealthy for Sensitive Groups,35.7,40.0,UG/M3,1 Hr,Valid
Chennai,PM2.5 - Principal,2016-07-21 12:00 AM,2016,07,21,00,101,Unhealthy for Sensitive Groups,35.6,34.0,UG/M3,1 Hr,Valid
Chennai,PM2.5 - Principal,2016-07-21 01:00 AM,2016,07,21,01,101,Unhealthy for Sensitive Groups,35.7,16.0,UG/M3,1 Hr,Valid
Chennai,PM2.5 - Principal,2016-07-21 02:00 AM,2016,07,21,02,102,Unhealthy for Sensitive Groups,36.0,19.0,UG/M3,1 Hr,Valid
Chennai,PM2.5 - Principal,2016-07-21 03:00 AM,2016,07,21,03,104,Unhealthy for Sensitive Groups,36.7,15.0,UG/M3,1 Hr,Valid
Chennai,PM2.5 - Principal,2016-07-21 04:00 AM,2016,07,21,04,103,Unhealthy for Sensitive Groups,36.4,16.0,UG/M3,1 Hr,Valid
Chennai,PM2.5 - Principal,2016-07-21 05:00 AM,2016,07,21,05,104,Unhealthy for Sensitive Groups,36.9,30.0,UG/M3,1 Hr,Valid
Chennai,PM2.5 - Principal,2016-07-21 06:00 AM,2016,07,21,06,106,Unhealthy for Sensitive Groups,37.5,28.0,UG/M3,1 Hr,Valid
Chennai,PM2.5 - Principal,2016-07-21 07:00 AM,2016,07,21,07,106,Unhealthy for Sensitive Groups,37.4,37.0,UG/M3,1 Hr,Valid
Chennai,PM2.5 - Principal,2016-07-21 08:00 AM,2016,07,21,08,108,Unhealthy for Sensitive Groups,38.5,43.0,UG/M3,1 Hr,Valid
Chennai,PM2.5 - Principal,2016-07-21 09:00 AM,2016,07,21,09,110,Unhealthy for Sensitive Groups,39.2,42.0,UG/M3,1 Hr,Valid
Chennai,PM2.5 - Principal,2016-07-21 10:00 AM,2016,07,21,10,109,Unhealthy for Sensitive Groups,38.9,38.0,UG/M3,1 Hr,Valid
Chennai,PM2.5 - Principal,2016-07-21 11:00 AM,2016,07,21,11,111,Unhealthy for Sensitive Groups,39.5,40.0,UG/M3,1 Hr,Valid
Chennai,PM2.5 - Principal,2016-07-21 12:00 PM,2016,07,21,12,112,Unhealthy for Sensitive Groups,40.0,33.0,UG/M3,1 Hr,Valid
Chennai,PM2.5 - Principal,2016-07-21 01:00 PM,2016,07,21,13,112,Unhealthy for Sensitive Groups,40.1,41.0,UG/M3,1 Hr,Valid
Chennai,PM2.5 - Principal,2016-07-21 02:00 PM,2016,07,21,14,114,Unhealthy for Sensitive Groups,40.6,42.0,UG/M3,1 Hr,Valid
Chennai,PM2.5 - Principal,2016-07-21 03:00 PM,2016,07,21,15,115,Unhealthy for Sensitive Groups,41.1,36.0,UG/M3,1 Hr,Valid
Chennai,PM2.5 - Principal,2016-07-21 04:00 PM,2016,07,21,16,116,Unhealthy for Sensitive Groups,41.4,48.0,UG/M3,1 Hr,Valid
Chennai,PM2.5 - Principal,2016-07-21 05:00 PM,2016,07,21,17,116,Unhealthy for Sensitive Groups,41.4,48.0,UG/M3,1 Hr,Valid
Chennai,PM2.5 - Principal,2016-07-21 06:00 PM,2016,07,21,18,115,Unhealthy for Sensitive Groups,41.0,46.0,UG/M3,1 Hr,Valid
Chennai,PM2.5 - Principal,2016-07-21 07:00 PM,2016,07,21,19,114,Unhealthy for Sensitive Groups,40.9,70.0,UG/M3,1 Hr,Valid
Chennai,PM2.5 - Principal,2016-07-21 08:00 PM,2016,07,21,20,113,Unhealthy for Sensitive Groups,40.5,71.0,UG/M3,1 Hr,Valid
Chennai,PM2.5 - Principal,2016-07-21 09:00 PM,2016,07,21,21,113,Unhealthy for Sensitive Groups,40.2,54.0,UG/M3,1 Hr,Valid
Chennai,PM2.5 - Principal,2016-07-21 10:00 PM,2016,07,21,22,113,Unhealthy for Sensitive Groups,40.3,63.0,UG/M3,1 Hr,Valid
Chennai,PM2.5 - Principal,2016-07-21 11:00 PM,2016,07,21,23,113,Unhealthy for Sensitive Groups,40.4,52.0,UG/M3,1 Hr,Valid
Chennai,PM2.5 - Principal,2016-07-22 12:00 AM,2016,07,22,00,113,Unhealthy for Sensitive Groups,40.3,36.0,UG/M3,1 Hr,Valid
Chennai,PM2.5 - Principal,2016-07-22 01:00 AM,2016,07,22,01,113,Unhealthy for Sensitive Groups,40.5,28.0,UG/M3,1 Hr,Valid
Chennai,PM2.5 - Principal,2016-07-22 02:00 AM,2016,07,22,02,112,Unhealthy for Sensitive Groups,40.0,31.0,UG/M3,1 Hr,Valid
Chennai,PM2.5 - Principal,2016-07-22 03:00 AM,2016,07,22,03,112,Unhealthy for Sensitive Groups,39.8,22.0,UG/M3,1 Hr,Valid
Chennai,PM2.5 - Principal,2016-07-22 04:00 AM,2016,07,22,04,111,Unhealthy for Sensitive Groups,39.4,16.0,UG/M3,1 Hr,Valid
Chennai,PM2.5 - Principal,2016-07-22 05:00 AM,2016,07,22,05,110,Unhealthy for Sensitive Groups,39.2,20.0,UG/M3,1 Hr,Valid
Chennai,PM2.5 - Principal,2016-07-22 06:00 AM,2016,07,22,06,111,Unhealthy for Sensitive Groups,39.4,26.0,UG/M3,1 Hr,Valid
Chennai,PM2.5 - Principal,2016-07-22 07:00 AM,2016,07,22,07,110,Unhealthy for Sensitive Groups,39.2,26.0,UG/M3,1 Hr,Valid
Chennai,PM2.5 - Principal,2016-07-22 08:00 AM,2016,07,22,08,107,Unhealthy for Sensitive Groups,38.1,36.0,UG/M3,1 Hr,Valid
Chennai,PM2.5 - Principal,2016-07-22 09:00 AM,2016,07,22,09,107,Unhealthy for Sensitive Groups,38.0,46.0,UG/M3,1 Hr,Valid
Chennai,PM2.5 - Principal,2016-07-22 10:00 AM,2016,07,22,10,109,Unhealthy for Sensitive Groups,38.8,40.0,UG/M3,1 Hr,Valid
Chennai,PM2.5 - Principal,2016-07-22 11:00 AM,2016,07,22,11,110,Unhealthy for Sensitive Groups,39.2,37.0,UG/M3,1 Hr,Valid
Chennai,PM2.5 - Principal,2016-07-22 12:00 PM,2016,07,22,12,113,Unhealthy for Sensitive Groups,40.3,39.0,UG/M3,1 Hr,Valid
Chennai,PM2.5 - Principal,2016-07-22 01:00 PM,2016,07,22,13,113,Unhealthy for Sensitive Groups,40.4,28.0,UG/M3,1 Hr,Valid
Chennai,PM2.5 - Principal,2016-07-22 02:00 PM,2016,07,22,14,111,Unhealthy for Sensitive Groups,39.7,38.0,UG/M3,1 Hr,Valid
Chennai,PM2.5 - Principal,2016-07-22 03:00 PM,2016,07,22,15,112,Unhealthy for Sensitive Groups,40.0,26.0,UG/M3,1 Hr,Valid
Chennai,PM2.5 - Principal,2016-07-22 04:00 PM,2016,07,22,16,112,Unhealthy for Sensitive Groups,39.8,44.0,UG/M3,1 Hr,Valid
Chennai,PM2.5 - Principal,2016-07-22 05:00 PM,2016,07,22,17,113,Unhealthy for Sensitive Groups,40.2,52.0,UG/M3,1 Hr,Valid
Chennai,PM2.5 - Principal,2016-07-22 06:00 PM,2016,07,22,18,113,Unhealthy for Sensitive Groups,40.3,41.0,UG/M3,1 Hr,Valid
Chennai,PM2.5 - Principal,2016-07-22 07:00 PM,2016,07,22,19,113,Unhealthy for Sensitive Groups,40.4,44.0,UG/M3,1 Hr,Valid
Chennai,PM2.5 - Principal,2016-07-22 08:00 PM,2016,07,22,20,114,Unhealthy for Sensitive Groups,40.6,69.0,UG/M3,1 Hr,Valid
Chennai,PM2.5 - Principal,2016-07-22 09:00 PM,2016,07,22,21,113,Unhealthy for Sensitive Groups,40.3,73.0,UG/M3,1 Hr,Valid
Chennai,PM2.5 - Principal,2016-07-22 10:00 PM,2016,07,22,22,111,Unhealthy for Sensitive Groups,39.7,71.0,UG/M3,1 Hr,Valid
Chennai,PM2.5 - Principal,2016-07-22 11:00 PM,2016,07,22,23,111,Unhealthy for Sensitive Groups,39.6,80.0,UG/M3,1 Hr,Valid
Chennai,PM2.5 - Principal,2016-07-23 12:00 AM,2016,07,23,00,110,Unhealthy for Sensitive Groups,39.3,37.0,UG/M3,1 Hr,Valid
Chennai,PM2.5 - Principal,2016-07-23 01:00 AM,2016,07,23,01,111,Unhealthy for Sensitive Groups,39.4,11.0,UG/M3,1 Hr,Valid
Chennai,PM2.5 - Principal,2016-07-23 02:00 AM,2016,07,23,02,112,Unhealthy for Sensitive Groups,39.8,40.0,UG/M3,1 Hr,Valid
Chennai,PM2.5 - Principal,2016-07-23 03:00 AM,2016,07,23,03,111,Unhealthy for Sensitive Groups,39.7,17.0,UG/M3,1 Hr,Valid
Chennai,PM2.5 - Principal,2016-07-23 04:00 AM,2016,07,23,04,113,Unhealthy for Sensitive Groups,40.4,25.0,UG/M3,1 Hr,Valid
Chennai,PM2.5 - Principal,2016-07-23 05:00 AM,2016,07,23,05,112,Unhealthy for Sensitive Groups,39.8,23.0,UG/M3,1 Hr,Valid
Chennai,PM2.5 - Principal,2016-07-23 06:00 AM,2016,07,23,06,110,Unhealthy for Sensitive Groups,39.1,27.0,UG/M3,1 Hr,Valid
Chennai,PM2.5 - Principal,2016-07-23 07:00 AM,2016,07,23,07,110,Unhealthy for Sensitive Groups,39.2,31.0,UG/M3,1 Hr,Valid
Chennai,PM2.5 - Principal,2016-07-23 08:00 AM,2016,07,23,08,111,Unhealthy for Sensitive Groups,39.7,30.0,UG/M3,1 Hr,Valid
Chennai,PM2.5 - Principal,2016-07-23 09:00 AM,2016,07,23,09,108,Unhealthy for Sensitive Groups,38.3,30.0,UG/M3,1 Hr,Valid
Chennai,PM2.5 - Principal,2016-07-23 10:00 AM,2016,07,23,10,104,Unhealthy for Sensitive Groups,36.6,-999.0,UG/M3,1 Hr,Valid
Chennai,PM2.5 - Principal,2016-07-23 11:00 AM,2016,07,23,11,99,Moderate,35.0,29.0,UG/M3,1 Hr,Valid
Chennai,PM2.5 - Principal,2016-07-23 12:00 PM,2016,07,23,12,96,Moderate,33.5,42.0,UG/M3,1 Hr,Valid
Chennai,PM2.5 - Principal,2016-07-23 01:00 PM,2016,07,23,13,96,Moderate,33.6,36.0,UG/M3,1 Hr,Valid
Chennai,PM2.5 - Principal,2016-07-23 02:00 PM,2016,07,23,14,97,Moderate,33.9,37.0,UG/M3,1 Hr,Valid
Chennai,PM2.5 - Principal,2016-07-23 03:00 PM,2016,07,23,15,96,Moderate,33.4,41.0,UG/M3,1 Hr,Valid
Chennai,PM2.5 - Principal,2016-07-23 04:00 PM,2016,07,23,16,97,Moderate,34.1,31.0,UG/M3,1 Hr,Valid
Chennai,PM2.5 - Principal,2016-07-23 05:00 PM,2016,07,23,17,98,Moderate,34.4,36.0,UG/M3,1 Hr,Valid
Chennai,PM2.5 - Principal,2016-07-23 06:00 PM,2016,07,23,18,99,Moderate,34.7,42.0,UG/M3,1 Hr,Valid
Chennai,PM2.5 - Principal,2016-07-23 07:00 PM,2016,07,23,19,99,Moderate,35.0,57.0,UG/M3,1 Hr,Valid
Chennai,PM2.5 - Principal,2016-07-23 08:00 PM,2016,07,23,20,100,Moderate,35.3,36.0,UG/M3,1 Hr,Valid
Chennai,PM2.5 - Principal,2016-07-23 09:00 PM,2016,07,23,21,100,Moderate,35.4,33.0,UG/M3,1 Hr,Valid
Chennai,PM2.5 - Principal,2016-07-23 10:00 PM,2016,07,23,22,99,Moderate,34.8,34.0,UG/M3,1 Hr,Valid
Chennai,PM2.5 - Principal,2016-07-23 11:00 PM,2016,07,23,23,97,Moderate,34.2,46.0,UG/M3,1 Hr,Valid
Chennai,PM2.5 - Principal,2016-07-24 12:00 AM,2016,07,24,00,97,Moderate,34.0,39.0,UG/M3,1 Hr,Valid
Chennai,PM2.5 - Principal,2016-07-24 01:00 AM,2016,07,24,01,96,Moderate,33.7,19.0,UG/M3,1 Hr,Valid
Chennai,PM2.5 - Principal,2016-07-24 02:00 AM,2016,07,24,02,95,Moderate,33.1,28.0,UG/M3,1 Hr,Valid
Chennai,PM2.5 - Principal,2016-07-24 03:00 AM,2016,07,24,03,94,Moderate,32.7,33.0,UG/M3,1 Hr,Valid
Chennai,PM2.5 - Principal,2016-07-24 04:00 AM,2016,07,24,04,93,Moderate,32.0,33.0,UG/M3,1 Hr,Valid
Chennai,PM2.5 - Principal,2016-07-24 05:00 AM,2016,07,24,05,93,Moderate,32.0,29.0,UG/M3,1 Hr,Valid
Chennai,PM2.5 - Principal,2016-07-24 06:00 AM,2016,07,24,06,92,Moderate,31.5,34.0,UG/M3,1 Hr,Valid
Chennai,PM2.5 - Principal,2016-07-24 07:00 AM,2016,07,24,07,91,Moderate,31.0,37.0,UG/M3,1 Hr,Valid
Chennai,PM2.5 - Principal,2016-07-24 08:00 AM,2016,07,24,08,88,Moderate,29.7,34.0,UG/M3,1 Hr,Valid
Chennai,PM2.5 - Principal,2016-07-24 09:00 AM,2016,07,24,09,88,Moderate,29.6,16.0,UG/M3,1 Hr,Valid
Chennai,PM2.5 - Principal,2016-07-24 10:00 AM,2016,07,24,10,87,Moderate,29.3,21.0,UG/M3,1 Hr,Valid
Chennai,PM2.5 - Principal,2016-07-24 11:00 AM,2016,07,24,11,88,Moderate,29.9,23.0,UG/M3,1 Hr,Valid
Chennai,PM2.5 - Principal,2016-07-24 12:00 PM,2016,07,24,12,89,Moderate,30.0,36.0,UG/M3,1 Hr,Valid
Chennai,PM2.5 - Principal,2016-07-24 01:00 PM,2016,07,24,13,88,Moderate,29.5,21.0,UG/M3,1 Hr,Valid
Chennai,PM2.5 - Principal,2016-07-24 02:00 PM,2016,07,24,14,88,Moderate,29.5,27.0,UG/M3,1 Hr,Valid
Chennai,PM2.5 - Principal,2016-07-24 03:00 PM,2016,07,24,15,87,Moderate,29.1,23.0,UG/M3,1 Hr,Valid
Chennai,PM2.5 - Principal,2016-07-24 04:00 PM,2016,07,24,16,86,Moderate,28.7,31.0,UG/M3,1 Hr,Valid
Chennai,PM2.5 - Principal,2016-07-24 05:00 PM,2016,07,24,17,85,Moderate,28.3,25.0,UG/M3,1 Hr,Valid
Chennai,PM2.5 - Principal,2016-07-24 06:00 PM,2016,07,24,18,84,Moderate,27.9,31.0,UG/M3,1 Hr,Valid
Chennai,PM2.5 - Principal,2016-07-24 07:00 PM,2016,07,24,19,83,Moderate,27.3,26.0,UG/M3,1 Hr,Valid
Chennai,PM2.5 - Principal,2016-07-24 08:00 PM,2016,07,24,20,82,Moderate,26.7,32.0,UG/M3,1 Hr,Valid
Chennai,PM2.5 - Principal,2016-07-24 09:00 PM,2016,07,24,21,81,Moderate,26.2,27.0,UG/M3,1 Hr,Valid
Chennai,PM2.5 - Principal,2016-07-24 10:00 PM,2016,07,24,22,82,Moderate,26.8,47.0,UG/M3,1 Hr,Valid
Chennai,PM2.5 - Principal,2016-07-24 11:00 PM,2016,07,24,23,83,Moderate,27.2,50.0,UG/M3,1 Hr,Valid
Chennai,PM2.5 - Principal,2016-07-25 12:00 AM,2016,07,25,00,83,Moderate,27.4,26.0,UG/M3,1 Hr,Valid
Chennai,PM2.5 - Principal,2016-07-25 01:00 AM,2016,07,25,01,82,Moderate,27.0,19.0,UG/M3,1 Hr,Valid
Chennai,PM2.5 - Principal,2016-07-25 02:00 AM,2016,07,25,02,80,Moderate,26.1,19.0,UG/M3,1 Hr,Valid
Chennai,PM2.5 - Principal,2016-07-25 03:00 AM,2016,07,25,03,80,Moderate,26.0,23.0,UG/M3,1 Hr,Valid
Chennai,PM2.5 - Principal,2016-07-25 04:00 AM,2016,07,25,04,81,Moderate,26.4,24.0,UG/M3,1 Hr,Valid
Chennai,PM2.5 - Principal,2016-07-25 05:00 AM,2016,07,25,05,81,Moderate,26.4,18.0,UG/M3,1 Hr,Valid
Chennai,PM2.5 - Principal,2016-07-25 06:00 AM,2016,07,25,06,81,Moderate,26.5,21.0,UG/M3,1 Hr,Valid
Chennai,PM2.5 - Principal,2016-07-25 07:00 AM,2016,07,25,07,79,Moderate,25.4,21.0,UG/M3,1 Hr,Valid
Chennai,PM2.5 - Principal,2016-07-25 08:00 AM,2016,07,25,08,78,Moderate,24.9,24.0,UG/M3,1 Hr,Valid
Chennai,PM2.5 - Principal,2016-07-25 09:00 AM,2016,07,25,09,77,Moderate,24.6,29.0,UG/M3,1 Hr,Valid
Chennai,PM2.5 - Principal,2016-07-25 10:00 AM,2016,07,25,10,77,Moderate,24.3,31.0,UG/M3,1 Hr,Valid
Chennai,PM2.5 - Principal,2016-07-25 11:00 AM,2016,07,25,11,75,Moderate,23.5,-999.0,UG/M3,1 Hr,Valid
Chennai,PM2.5 - Principal,2016-07-25 12:00 PM,2016,07,25,12,71,Moderate,21.6,-999.0,UG/M3,1 Hr,Valid
Chennai,PM2.5 - Principal,2016-07-25 01:00 PM,2016,07,25,13,70,Moderate,21.3,1.0,UG/M3,1 Hr,Valid
Chennai,PM2.5 - Principal,2016-07-25 02:00 PM,2016,07,25,14,70,Moderate,21.0,-999.0,UG/M3,1 Hr,Valid
Chennai,PM2.5 - Principal,2016-07-25 03:00 PM,2016,07,25,15,70,Moderate,20.9,31.0,UG/M3,1 Hr,Valid
Chennai,PM2.5 - Principal,2016-07-25 04:00 PM,2016,07,25,16,70,Moderate,21.1,31.0,UG/M3,1 Hr,Valid
Chennai,PM2.5 - Principal,2016-07-25 05:00 PM,2016,07,25,17,70,Moderate,20.9,-999.0,UG/M3,1 Hr,Valid
Chennai,PM2.5 - Principal,2016-07-25 06:00 PM,2016,07,25,18,70,Moderate,20.9,9.0,UG/M3,1 Hr,Valid
Chennai,PM2.5 - Principal,2016-07-25 07:00 PM,2016,07,25,19,69,Moderate,20.5,16.0,UG/M3,1 Hr,Valid
Chennai,PM2.5 - Principal,2016-07-25 08:00 PM,2016,07,25,20,70,Moderate,21.1,25.0,UG/M3,1 Hr,Valid
Chennai,PM2.5 - Principal,2016-07-25 09:00 PM,2016,07,25,21,69,Moderate,20.8,22.0,UG/M3,1 Hr,Valid
Chennai,PM2.5 - Principal,2016-07-25 10:00 PM,2016,07,25,22,68,Moderate,20.2,30.0,UG/M3,1 Hr,Valid
Chennai,PM2.5 - Principal,2016-07-25 11:00 PM,2016,07,25,23,71,Moderate,21.4,12.0,UG/M3,1 Hr,Valid
Chennai,PM2.5 - Principal,2016-07-26 12:00 AM,2016,07,26,00,72,Moderate,22.0,21.0,UG/M3,1 Hr,Valid
Chennai,PM2.5 - Principal,2016-07-26 01:00 AM,2016,07,26,01,73,Moderate,22.4,12.0,UG/M3,1 Hr,Valid
Chennai,PM2.5 - Principal,2016-07-26 02:00 AM,2016,07,26,02,75,Moderate,23.4,17.0,UG/M3,1 Hr,Valid
Chennai,PM2.5 - Principal,2016-07-26 03:00 AM,2016,07,26,03,74,Moderate,23.0,27.0,UG/M3,1 Hr,Valid
Chennai,PM2.5 - Principal,2016-07-26 04:00 AM,2016,07,26,04,72,Moderate,22.1,20.0,UG/M3,1 Hr,Valid
Chennai,PM2.5 - Principal,2016-07-26 05:00 AM,2016,07,26,05,71,Moderate,21.4,18.0,UG/M3,1 Hr,Valid
Chennai,PM2.5 - Principal,2016-07-26 06:00 AM,2016,07,26,06,70,Moderate,21.0,13.0,UG/M3,1 Hr,Valid
Chennai,PM2.5 - Principal,2016-07-26 07:00 AM,2016,07,26,07,70,Moderate,21.3,34.0,UG/M3,1 Hr,Valid
Chennai,PM2.5 - Principal,2016-07-26 08:00 AM,2016,07,26,08,71,Moderate,21.4,17.0,UG/M3,1 Hr,Valid
Chennai,PM2.5 - Principal,2016-07-26 09:00 AM,2016,07,26,09,70,Moderate,21.1,18.0,UG/M3,1 Hr,Valid
Chennai,PM2.5 - Principal,2016-07-26 10:00 AM,2016,07,26,10,69,Moderate,20.8,55.0,UG/M3,1 Hr,Valid
Chennai,PM2.5 - Principal,2016-07-26 11:00 AM,2016,07,26,11,68,Moderate,20.4,33.0,UG/M3,1 Hr,Valid
Chennai,PM2.5 - Principal,2016-07-26 12:00 PM,2016,07,26,12,69,Moderate,20.7,32.0,UG/M3,1 Hr,Valid
Chennai,PM2.5 - Principal,2016-07-26 01:00 PM,2016,07,26,13,69,Moderate,20.5,22.0,UG/M3,1 Hr,Valid
Chennai,PM2.5 - Principal,2016-07-26 02:00 PM,2016,07,26,14,69,Moderate,20.8,14.0,UG/M3,1 Hr,Valid
Chennai,PM2.5 - Principal,2016-07-26 03:00 PM,2016,07,26,15,70,Moderate,21.3,11.0,UG/M3,1 Hr,Valid
Chennai,PM2.5 - Principal,2016-07-26 04:00 PM,2016,07,26,16,70,Moderate,21.1,15.0,UG/M3,1 Hr,Valid
Chennai,PM2.5 - Principal,2016-07-26 05:00 PM,2016,07,26,17,70,Moderate,20.9,13.0,UG/M3,1 Hr,Valid
Chennai,PM2.5 - Principal,2016-07-26 06:00 PM,2016,07,26,18,70,Moderate,21.1,16.0,UG/M3,1 Hr,Valid
Chennai,PM2.5 - Principal,2016-07-26 07:00 PM,2016,07,26,19,71,Moderate,21.7,18.0,UG/M3,1 Hr,Valid
Chennai,PM2.5 - Principal,2016-07-26 08:00 PM,2016,07,26,20,71,Moderate,21.8,18.0,UG/M3,1 Hr,Valid
Chennai,PM2.5 - Principal,2016-07-26 09:00 PM,2016,07,26,21,74,Moderate,22.8,15.0,UG/M3,1 Hr,Valid
Chennai,PM2.5 - Principal,2016-07-26 10:00 PM,2016,07,26,22,75,Moderate,23.6,20.0,UG/M3,1 Hr,Valid
Chennai,PM2.5 - Principal,2016-07-26 11:00 PM,2016,07,26,23,73,Moderate,22.5,19.0,UG/M3,1 Hr,Valid
Chennai,PM2.5 - Principal,2016-07-27 12:00 AM,2016,07,27,00,72,Moderate,22.0,16.0,UG/M3,1 Hr,Valid
Chennai,PM2.5 - Principal,2016-07-27 01:00 AM,2016,07,27,01,71,Moderate,21.5,20.0,UG/M3,1 Hr,Valid
Chennai,PM2.5 - Principal,2016-07-27 02:00 AM,2016,07,27,02,71,Moderate,21.5,28.0,UG/M3,1 Hr,Valid
Chennai,PM2.5 - Principal,2016-07-27 03:00 AM,2016,07,27,03,72,Moderate,21.9,22.0,UG/M3,1 Hr,Valid
Chennai,PM2.5 - Principal,2016-07-27 04:00 AM,2016,07,27,04,73,Moderate,22.5,16.0,UG/M3,1 Hr,Valid
Chennai,PM2.5 - Principal,2016-07-27 05:00 AM,2016,07,27,05,74,Moderate,22.9,23.0,UG/M3,1 Hr,Valid
Chennai,PM2.5 - Principal,2016-07-27 06:00 AM,2016,07,27,06,76,Moderate,23.8,27.0,UG/M3,1 Hr,Valid
Chennai,PM2.5 - Principal,2016-07-27 07:00 AM,2016,07,27,07,90,Moderate,30.5,37.0,UG/M3,1 Hr,Valid
Chennai,PM2.5 - Principal,2016-07-27 08:00 AM,2016,07,27,08,100,Moderate,35.2,40.0,UG/M3,1 Hr,Valid
Chennai,PM2.5 - Principal,2016-07-27 09:00 AM,2016,07,27,09,104,Unhealthy for Sensitive Groups,36.6,38.0,UG/M3,1 Hr,Valid
Chennai,PM2.5 - Principal,2016-07-27 10:00 AM,2016,07,27,10,92,Moderate,31.8,27.0,UG/M3,1 Hr,Valid
Chennai,PM2.5 - Principal,2016-07-27 11:00 AM,2016,07,27,11,92,Moderate,31.8,-999.0,UG/M3,1 Hr,Valid
Chennai,PM2.5 - Principal,2016-07-27 12:00 PM,2016,07,27,12,-999,N/A,-999.0,-999.0,UG/M3,1 Hr,Valid
Chennai,PM2.5 - Principal,2016-07-27 01:00 PM,2016,07,27,13,-999,N/A,-999.0,-999.0,UG/M3,1 Hr,Valid
Chennai,PM2.5 - Principal,2016-07-27 02:00 PM,2016,07,27,14,-999,N/A,-999.0,-999.0,UG/M3,1 Hr,Valid
Chennai,PM2.5 - Principal,2016-07-27 03:00 PM,2016,07,27,15,-999,N/A,-999.0,-999.0,UG/M3,1 Hr,Valid
Chennai,PM2.5 - Principal,2016-07-27 04:00 PM,2016,07,27,16,-999,N/A,-999.0,-999.0,UG/M3,1 Hr,Valid
Chennai,PM2.5 - Principal,2016-07-27 05:00 PM,2016,07,27,17,-999,N/A,-999.0,-999.0,UG/M3,1 Hr,Valid
Chennai,PM2.5 - Principal,2016-07-27 06:00 PM,2016,07,27,18,-999,N/A,-999.0,22.0,UG/M3,1 Hr,Valid
Chennai,PM2.5 - Principal,2016-07-27 07:00 PM,2016,07,27,19,73,Moderate,22.6,23.0,UG/M3,1 Hr,Valid
Chennai,PM2.5 - Principal,2016-07-27 08:00 PM,2016,07,27,20,77,Moderate,24.4,26.0,UG/M3,1 Hr,Valid
Chennai,PM2.5 - Principal,2016-07-27 09:00 PM,2016,07,27,21,86,Moderate,28.9,35.0,UG/M3,1 Hr,Valid
Chennai,PM2.5 - Principal,2016-07-27 10:00 PM,2016,07,27,22,81,Moderate,26.5,23.0,UG/M3,1 Hr,Valid
Chennai,PM2.5 - Principal,2016-07-27 11:00 PM,2016,07,27,23,76,Moderate,24.2,21.0,UG/M3,1 Hr,Valid
Chennai,PM2.5 - Principal,2016-07-28 12:00 AM,2016,07,28,00,92,Moderate,31.8,25.0,UG/M3,1 Hr,Valid
Chennai,PM2.5 - Principal,2016-07-28 01:00 AM,2016,07,28,01,95,Moderate,33.0,17.0,UG/M3,1 Hr,Valid
Chennai,PM2.5 - Principal,2016-07-28 02:00 AM,2016,07,28,02,97,Moderate,33.9,32.0,UG/M3,1 Hr,Valid
Chennai,PM2.5 - Principal,2016-07-28 03:00 AM,2016,07,28,03,99,Moderate,35.1,31.0,UG/M3,1 Hr,Valid
Chennai,PM2.5 - Principal,2016-07-28 04:00 AM,2016,07,28,04,103,Unhealthy for Sensitive Groups,36.2,33.0,UG/M3,1 Hr,Valid
Chennai,PM2.5 - Principal,2016-07-28 05:00 AM,2016,07,28,05,103,Unhealthy for Sensitive Groups,36.2,33.0,UG/M3,1 Hr,Valid
Chennai,PM2.5 - Principal,2016-07-28 06:00 AM,2016,07,28,06,103,Unhealthy for Sensitive Groups,36.2,34.0,UG/M3,1 Hr,Valid
Chennai,PM2.5 - Principal,2016-07-28 07:00 AM,2016,07,28,07,101,Unhealthy for Sensitive Groups,35.5,39.0,UG/M3,1 Hr,Valid
Chennai,PM2.5 - Principal,2016-07-28 08:00 AM,2016,07,28,08,101,Unhealthy for Sensitive Groups,35.5,48.0,UG/M3,1 Hr,Valid
Chennai,PM2.5 - Principal,2016-07-28 09:00 AM,2016,07,28,09,100,Moderate,35.3,48.0,UG/M3,1 Hr,Valid
Chennai,PM2.5 - Principal,2016-07-28 10:00 AM,2016,07,28,10,99,Moderate,34.8,43.0,UG/M3,1 Hr,Valid
Chennai,PM2.5 - Principal,2016-07-28 11:00 AM,2016,07,28,11,98,Moderate,34.4,40.0,UG/M3,1 Hr,Valid
Chennai,PM2.5 - Principal,2016-07-28 12:00 PM,2016,07,28,12,98,Moderate,34.5,54.0,UG/M3,1 Hr,Valid
Chennai,PM2.5 - Principal,2016-07-28 01:00 PM,2016,07,28,13,99,Moderate,34.7,51.0,UG/M3,1 Hr,Valid
Chennai,PM2.5 - Principal,2016-07-28 02:00 PM,2016,07,28,14,98,Moderate,34.5,60.0,UG/M3,1 Hr,Valid
Chennai,PM2.5 - Principal,2016-07-28 03:00 PM,2016,07,28,15,97,Moderate,34.0,60.0,UG/M3,1 Hr,Valid
Chennai,PM2.5 - Principal,2016-07-28 04:00 PM,2016,07,28,16,97,Moderate,33.8,-999.0,UG/M3,1 Hr,Valid
Chennai,PM2.5 - Principal,2016-07-28 05:00 PM,2016,07,28,17,97,Moderate,34.0,-999.0,UG/M3,1 Hr,Valid
Chennai,PM2.5 - Principal,2016-07-28 06:00 PM,2016,07,28,18,97,Moderate,33.8,6.0,UG/M3,1 Hr,Valid
Chennai,PM2.5 - Principal,2016-07-28 07:00 PM,2016,07,28,19,95,Moderate,32.8,23.0,UG/M3,1 Hr,Valid
Chennai,PM2.5 - Principal,2016-07-28 08:00 PM,2016,07,28,20,93,Moderate,32.0,21.0,UG/M3,1 Hr,Valid
Chennai,PM2.5 - Principal,2016-07-28 09:00 PM,2016,07,28,21,91,Moderate,31.3,25.0,UG/M3,1 Hr,Valid
Chennai,PM2.5 - Principal,2016-07-28 10:00 PM,2016,07,28,22,89,Moderate,30.1,14.0,UG/M3,1 Hr,Valid
Chennai,PM2.5 - Principal,2016-07-28 11:00 PM,2016,07,28,23,87,Moderate,29.3,24.0,UG/M3,1 Hr,Valid
Chennai,PM2.5 - Principal,2016-07-29 12:00 AM,2016,07,29,00,86,Moderate,28.7,29.0,UG/M3,1 Hr,Valid
Chennai,PM2.5 - Principal,2016-07-29 01:00 AM,2016,07,29,01,83,Moderate,27.2,13.0,UG/M3,1 Hr,Valid
Chennai,PM2.5 - Principal,2016-07-29 02:00 AM,2016,07,29,02,80,Moderate,25.9,20.0,UG/M3,1 Hr,Valid
Chennai,PM2.5 - Principal,2016-07-29 03:00 AM,2016,07,29,03,77,Moderate,24.3,26.0,UG/M3,1 Hr,Valid
Chennai,PM2.5 - Principal,2016-07-29 04:00 AM,2016,07,29,04,73,Moderate,22.6,38.0,UG/M3,1 Hr,Valid
Chennai,PM2.5 - Principal,2016-07-29 05:00 AM,2016,07,29,05,74,Moderate,23.0,28.0,UG/M3,1 Hr,Valid
Chennai,PM2.5 - Principal,2016-07-29 06:00 AM,2016,07,29,06,74,Moderate,22.9,13.0,UG/M3,1 Hr,Valid
Chennai,PM2.5 - Principal,2016-07-29 07:00 AM,2016,07,29,07,76,Moderate,24.0,22.0,UG/M3,1 Hr,Valid
Chennai,PM2.5 - Principal,2016-07-29 08:00 AM,2016,07,29,08,78,Moderate,25.1,32.0,UG/M3,1 Hr,Valid
Chennai,PM2.5 - Principal,2016-07-29 09:00 AM,2016,07,29,09,82,Moderate,26.9,22.0,UG/M3,1 Hr,Valid
Chennai,PM2.5 - Principal,2016-07-29 10:00 AM,2016,07,29,10,84,Moderate,28.0,25.0,UG/M3,1 Hr,Valid
Chennai,PM2.5 - Principal,2016-07-29 11:00 AM,2016,07,29,11,87,Moderate,29.0,26.0,UG/M3,1 Hr,Valid
Chennai,PM2.5 - Principal,2016-07-29 12:00 PM,2016,07,29,12,87,Moderate,29.4,22.0,UG/M3,1 Hr,Valid
Chennai,PM2.5 - Principal,2016-07-29 01:00 PM,2016,07,29,13,87,Moderate,29.4,21.0,UG/M3,1 Hr,Valid
Chennai,PM2.5 - Principal,2016-07-29 02:00 PM,2016,07,29,14,88,Moderate,29.5,25.0,UG/M3,1 Hr,Valid
Chennai,PM2.5 - Principal,2016-07-29 03:00 PM,2016,07,29,15,89,Moderate,30.0,24.0,UG/M3,1 Hr,Valid
Chennai,PM2.5 - Principal,2016-07-29 04:00 PM,2016,07,29,16,89,Moderate,30.1,30.0,UG/M3,1 Hr,Valid
Chennai,PM2.5 - Principal,2016-07-29 05:00 PM,2016,07,29,17,88,Moderate,29.9,22.0,UG/M3,1 Hr,Valid
Chennai,PM2.5 - Principal,2016-07-29 06:00 PM,2016,07,29,18,88,Moderate,29.7,31.0,UG/M3,1 Hr,Valid
Chennai,PM2.5 - Principal,2016-07-29 07:00 PM,2016,07,29,19,89,Moderate,30.4,51.0,UG/M3,1 Hr,Valid
Chennai,PM2.5 - Principal,2016-07-29 08:00 PM,2016,07,29,20,90,Moderate,30.8,63.0,UG/M3,1 Hr,Valid
Chennai,PM2.5 - Principal,2016-07-29 09:00 PM,2016,07,29,21,91,Moderate,31.2,53.0,UG/M3,1 Hr,Valid
Chennai,PM2.5 - Principal,2016-07-29 10:00 PM,2016,07,29,22,93,Moderate,32.2,36.0,UG/M3,1 Hr,Valid
Chennai,PM2.5 - Principal,2016-07-29 11:00 PM,2016,07,29,23,95,Moderate,33.0,35.0,UG/M3,1 Hr,Valid
Chennai,PM2.5 - Principal,2016-07-30 12:00 AM,2016,07,30,00,96,Moderate,33.5,29.0,UG/M3,1 Hr,Valid
Chennai,PM2.5 - Principal,2016-07-30 01:00 AM,2016,07,30,01,98,Moderate,34.6,16.0,UG/M3,1 Hr,Valid
Chennai,PM2.5 - Principal,2016-07-30 02:00 AM,2016,07,30,02,102,Unhealthy for Sensitive Groups,35.8,31.0,UG/M3,1 Hr,Valid
Chennai,PM2.5 - Principal,2016-07-30 03:00 AM,2016,07,30,03,105,Unhealthy for Sensitive Groups,37.1,29.0,UG/M3,1 Hr,Valid
Chennai,PM2.5 - Principal,2016-07-30 04:00 AM,2016,07,30,04,107,Unhealthy for Sensitive Groups,38.0,32.0,UG/M3,1 Hr,Valid
Chennai,PM2.5 - Principal,2016-07-30 05:00 AM,2016,07,30,05,109,Unhealthy for Sensitive Groups,38.7,23.0,UG/M3,1 Hr,Valid
Chennai,PM2.5 - Principal,2016-07-30 06:00 AM,2016,07,30,06,112,Unhealthy for Sensitive Groups,39.8,30.0,UG/M3,1 Hr,Valid
Chennai,PM2.5 - Principal,2016-07-30 07:00 AM,2016,07,30,07,113,Unhealthy for Sensitive Groups,40.3,33.0,UG/M3,1 Hr,Valid
Chennai,PM2.5 - Principal,2016-07-30 08:00 AM,2016,07,30,08,113,Unhealthy for Sensitive Groups,40.5,40.0,UG/M3,1 Hr,Valid
Chennai,PM2.5 - Principal,2016-07-30 09:00 AM,2016,07,30,09,113,Unhealthy for Sensitive Groups,40.2,47.0,UG/M3,1 Hr,Valid
Chennai,PM2.5 - Principal,2016-07-30 10:00 AM,2016,07,30,10,111,Unhealthy for Sensitive Groups,39.4,44.0,UG/M3,1 Hr,Valid
Chennai,PM2.5 - Principal,2016-07-30 11:00 AM,2016,07,30,11,111,Unhealthy for Sensitive Groups,39.4,37.0,UG/M3,1 Hr,Valid
Chennai,PM2.5 - Principal,2016-07-30 12:00 PM,2016,07,30,12,110,Unhealthy for Sensitive Groups,39.2,50.0,UG/M3,1 Hr,Valid
Chennai,PM2.5 - Principal,2016-07-30 01:00 PM,2016,07,30,13,111,Unhealthy for Sensitive Groups,39.4,49.0,UG/M3,1 Hr,Valid
Chennai,PM2.5 - Principal,2016-07-30 02:00 PM,2016,07,30,14,111,Unhealthy for Sensitive Groups,39.6,57.0,UG/M3,1 Hr,Valid
Chennai,PM2.5 - Principal,2016-07-30 03:00 PM,2016,07,30,15,111,Unhealthy for Sensitive Groups,39.4,46.0,UG/M3,1 Hr,Valid
Chennai,PM2.5 - Principal,2016-07-30 04:00 PM,2016,07,30,16,111,Unhealthy for Sensitive Groups,39.5,45.0,UG/M3,1 Hr,Valid
Chennai,PM2.5 - Principal,2016-07-30 05:00 PM,2016,07,30,17,110,Unhealthy for Sensitive Groups,39.2,50.0,UG/M3,1 Hr,Valid
Chennai,PM2.5 - Principal,2016-07-30 06:00 PM,2016,07,30,18,110,Unhealthy for Sensitive Groups,39.2,42.0,UG/M3,1 Hr,Valid
Chennai,PM2.5 - Principal,2016-07-30 07:00 PM,2016,07,30,19,111,Unhealthy for Sensitive Groups,39.6,57.0,UG/M3,1 Hr,Valid
Chennai,PM2.5 - Principal,2016-07-30 08:00 PM,2016,07,30,20,111,Unhealthy for Sensitive Groups,39.6,55.0,UG/M3,1 Hr,Valid
Chennai,PM2.5 - Principal,2016-07-30 09:00 PM,2016,07,30,21,110,Unhealthy for Sensitive Groups,39.1,34.0,UG/M3,1 Hr,Valid
Chennai,PM2.5 - Principal,2016-07-30 10:00 PM,2016,07,30,22,109,Unhealthy for Sensitive Groups,38.6,36.0,UG/M3,1 Hr,Valid
Chennai,PM2.5 - Principal,2016-07-30 11:00 PM,2016,07,30,23,107,Unhealthy for Sensitive Groups,37.8,30.0,UG/M3,1 Hr,Valid
Chennai,PM2.5 - Principal,2016-07-31 12:00 AM,2016,07,31,00,106,Unhealthy for Sensitive Groups,37.6,33.0,UG/M3,1 Hr,Valid
Chennai,PM2.5 - Principal,2016-07-31 01:00 AM,2016,07,31,01,105,Unhealthy for Sensitive Groups,37.0,21.0,UG/M3,1 Hr,Valid
Chennai,PM2.5 - Principal,2016-07-31 02:00 AM,2016,07,31,02,102,Unhealthy for Sensitive Groups,36.0,26.0,UG/M3,1 Hr,Valid
Chennai,PM2.5 - Principal,2016-07-31 03:00 AM,2016,07,31,03,99,Moderate,34.8,33.0,UG/M3,1 Hr,Valid
Chennai,PM2.5 - Principal,2016-07-31 04:00 AM,2016,07,31,04,97,Moderate,33.9,24.0,UG/M3,1 Hr,Valid
Chennai,PM2.5 - Principal,2016-07-31 05:00 AM,2016,07,31,05,95,Moderate,33.0,24.0,UG/M3,1 Hr,Valid
Chennai,PM2.5 - Principal,2016-07-31 06:00 AM,2016,07,31,06,93,Moderate,32.0,-999.0,UG/M3,1 Hr,Valid
