Site,Parameter,Date (LT),Year,Month,Day,Hour,Raw Conc.,24-hr. Midpoint Avg. Conc.,24-hr. Midpoint Avg. AQI,24-hr. Midpoint Avg. AQI Category,NowCast Conc.,NowCast AQI,NowCast AQI Category,Conc. Unit,Duration,QC Name
"[Hyderabad, PM2.5 - Principal, 2016-10-01 01:00 AM, 2016, 10, 01, 01, 27.0, , , , , , , UG/M3, 1 Hr, Valid]"
"[Hyderabad, PM2.5 - Principal, 2016-10-01 02:00 AM, 2016, 10, 01, 02, 22.0, , , , , , , UG/M3, 1 Hr, Valid]"
"[Hyderabad, PM2.5 - Principal, 2016-10-01 03:00 AM, 2016, 10, 01, 03, 21.0, , , , , , , UG/M3, 1 Hr, Valid]"
"[Hyderabad, PM2.5 - Principal, 2016-10-01 04:00 AM, 2016, 10, 01, 04, 39.0, , , , , , , UG/M3, 1 Hr, Valid]"
"[Hyderabad, PM2.5 - Principal, 2016-10-01 05:00 AM, 2016, 10, 01, 05, 26.0, , , , , , , UG/M3, 1 Hr, Valid]"
"[Hyderabad, PM2.5 - Principal, 2016-10-01 06:00 AM, 2016, 10, 01, 06, 38.0, , , , , , , UG/M3, 1 Hr, Valid]"
"[Hyderabad, PM2.5 - Principal, 2016-10-01 07:00 AM, 2016, 10, 01, 07, 29.0, , , , , , , UG/M3, 1 Hr, Valid]"
"[Hyderabad, PM2.5 - Principal, 2016-10-01 08:00 AM, 2016, 10, 01, 08, 27.0, , , , , , , UG/M3, 1 Hr, Valid]"
"[Hyderabad, PM2.5 - Principal, 2016-10-01 09:00 AM, 2016, 10, 01, 09, 35.0, , , , , , , UG/M3, 1 Hr, Valid]"
"[Hyderabad, PM2.5 - Principal, 2016-10-01 10:00 AM, 2016, 10, 01, 10, 32.0, , , , , , , UG/M3, 1 Hr, Valid]"
"[Hyderabad, PM2.5 - Principal, 2016-10-01 11:00 AM, 2016, 10, 01, 11, -999.0, , , , , , , UG/M3, 1 Hr, Missing]"
"[Hyderabad, PM2.5 - Principal, 2016-10-01 12:00 PM, 2016, 10, 01, 12, 25.0, , , , , , , UG/M3, 1 Hr, Valid]"
"[Hyderabad, PM2.5 - Principal, 2016-10-01 01:00 PM, 2016, 10, 01, 13, 22.0, , , , , , , UG/M3, 1 Hr, Valid]"
"[Hyderabad, PM2.5 - Principal, 2016-10-01 02:00 PM, 2016, 10, 01, 14, 34.0, , , , , , , UG/M3, 1 Hr, Valid]"
"[Hyderabad, PM2.5 - Principal, 2016-10-01 03:00 PM, 2016, 10, 01, 15, 32.0, , , , , , , UG/M3, 1 Hr, Valid]"
"[Hyderabad, PM2.5 - Principal, 2016-10-01 04:00 PM, 2016, 10, 01, 16, 27.0, , , , , , , UG/M3, 1 Hr, Valid]"
"[Hyderabad, PM2.5 - Principal, 2016-10-01 05:00 PM, 2016, 10, 01, 17, 30.0, , , , , , , UG/M3, 1 Hr, Valid]"
"[Hyderabad, PM2.5 - Principal, 2016-10-01 06:00 PM, 2016, 10, 01, 18, 35.0, , , , , , , UG/M3, 1 Hr, Valid]"
"[Hyderabad, PM2.5 - Principal, 2016-10-01 07:00 PM, 2016, 10, 01, 19, 34.0, , , , , , , UG/M3, 1 Hr, Valid]"
"[Hyderabad, PM2.5 - Principal, 2016-10-01 08:00 PM, 2016, 10, 01, 20, 41.0, , , , , , , UG/M3, 1 Hr, Valid]"
"[Hyderabad, PM2.5 - Principal, 2016-10-01 09:00 PM, 2016, 10, 01, 21, 32.0, , , , , , , UG/M3, 1 Hr, Valid]"
"[Hyderabad, PM2.5 - Principal, 2016-10-01 10:00 PM, 2016, 10, 01, 22, 37.0, , , , , , , UG/M3, 1 Hr, Valid]"
"[Hyderabad, PM2.5 - Principal, 2016-10-01 11:00 PM, 2016, 10, 01, 23, 21.0, , , , , , , UG/M3, 1 Hr, Valid]"
"[Hyderabad, PM2.5 - Principal, 2016-10-02 12:00 AM, 2016, 10, 02, 00, 31.0, , , , , , , UG/M3, 1 Hr, Valid]"
"[Hyderabad, PM2.5 - Principal, 2016-10-02 01:00 AM, 2016, 10, 02, 01, 24.0, , , , , , , UG/M3, 1 Hr, Valid]"
"[Hyderabad, PM2.5 - Principal, 2016-10-02 02:00 AM, 2016, 10, 02, 02, 25.0, , , , , , , UG/M3, 1 Hr, Valid]"
"[Hyderabad, PM2.5 - Principal, 2016-10-02 03:00 AM, 2016, 10, 02, 03, 28.0, , , , , , , UG/M3, 1 Hr, Valid]"
"[Hyderabad, PM2.5 - Principal, 2016-10-02 04:00 AM, 2016, 10, 02, 04, 32.0, , , , , , , UG/M3, 1 Hr, Valid]"
"[Hyderabad, PM2.5 - Principal, 2016-10-02 05:00 AM, 2016, 10, 02, 05, 21.0, , , , , , , UG/M3, 1 Hr, Valid]"
"[Hyderabad, PM2.5 - Principal, 2016-10-02 06:00 AM, 2016, 10, 02, 06, 39.0, , , , , , , UG/M3, 1 Hr, Valid]"
"[Hyderabad, PM2.5 - Principal, 2016-10-02 07:00 AM, 2016, 10, 02, 07, 23.0, , , , , , , UG/M3, 1 Hr, Valid]"
"[Hyderabad, PM2.5 - Principal, 2016-10-02 08:00 AM, 2016, 10, 02, 08, 21.0, , , , , , , UG/M3, 1 Hr, Valid]"
"[Hyderabad, PM2.5 - Principal, 2016-10-02 09:00 AM, 2016, 10, 02, 09, 35.0, , , , , , , UG/M3, 1 Hr, Valid]"
"[Hyderabad, PM2.5 - Principal, 2016-10-02 10:00 AM, 2016, 10, 02, 10, 42.0, , , , , , , UG/M3, 1 Hr, Valid]"
"[Hyderabad, PM2.5 - Principal, 2016-10-02 11:00 AM, 2016, 10, 02, 11, 27.0, , , , , , , UG/M3, 1 Hr, Valid]"
"[Hyderabad, PM2.5 - Principal, 2016-10-02 12:00 PM, 2016, 10, 02, 12, 22.0, , , , , , , UG/M3, 1 Hr, Valid]"
"[Hyderabad, PM2.5 - Principal, 2016-10-02 01:00 PM, 2016, 10, 02, 13, 26.0, , , , , , , UG/M3, 1 Hr, Valid]"
"[Hyderabad, PM2.5 - Principal, 2016-10-02 02:00 PM, 2016, 10, 02, 14, 27.0, , , , , , , UG/M3, 1 Hr, Valid]"
"[Hyderabad, PM2.5 - Principal, 2016-10-02 03:00 PM, 2016, 10, 02, 15, 22.0, , , , , , , UG/M3, 1 Hr, Valid]"
"[Hyderabad, PM2.5 - Principal, 2016-10-02 04:00 PM, 2016, 10, 02, 16, 21.0, , , , , , , UG/M3, 1 Hr, Valid]"
"[Hyderabad, PM2.5 - Principal, 2016-10-02 05:00 PM, 2016, 10, 02, 17, 28.0, , , , , , , UG/M3, 1 Hr, Valid]"
"[Hyderabad, PM2.5 - Principal, 2016-10-02 06:00 PM, 2016, 10, 02, 18, 27.0, , , , , , , UG/M3, 1 Hr, Valid]"
"[Hyderabad, PM2.5 - Principal, 2016-10-02 07:00 PM, 2016, 10, 02, 19, 34.0, , , , , , , UG/M3, 1 Hr, Valid]"
"[Hyderabad, PM2.5 - Principal, 2016-10-02 08:00 PM, 2016, 10, 02, 20, 42.0, , , , , , , UG/M3, 1 Hr, Valid]"
"[Hyderabad, PM2.5 - Principal, 2016-10-02 09:00 PM, 2016, 10, 02, 21, 54.0, , , , , , , UG/M3, 1 Hr, Valid]"
"[Hyderabad, PM2.5 - Principal, 2016-10-02 10:00 PM, 2016, 10, 02, 22, 59.0, , , , , , , UG/M3, 1 Hr, Valid]"
"[Hyderabad, PM2.5 - Principal, 2016-10-02 11:00 PM, 2016, 10, 02, 23, 67.0, , , , , , , UG/M3, 1 Hr, Valid]"
"[Hyderabad, PM2.5 - Principal, 2016-10-03 12:00 AM, 2016, 10, 03, 00, 66.0, , , , , , , UG/M3, 1 Hr, Valid]"
"[Hyderabad, PM2.5 - Principal, 2016-10-03 01:00 AM, 2016, 10, 03, 01, 55.0, , , , , , , UG/M3, 1 Hr, Valid]"
"[Hyderabad, PM2.5 - Principal, 2016-10-03 02:00 AM, 2016, 10, 03, 02, 33.0, , , , , , , UG/M3, 1 Hr, Valid]"
"[Hyderabad, PM2.5 - Principal, 2016-10-03 03:00 AM, 2016, 10, 03, 03, 28.0, , , , , , , UG/M3, 1 Hr, Valid]"
"[Hyderabad, PM2.5 - Principal, 2016-10-03 04:00 AM, 2016, 10, 03, 04, 32.0, , , , , , , UG/M3, 1 Hr, Valid]"
"[Hyderabad, PM2.5 - Principal, 2016-10-03 05:00 AM, 2016, 10, 03, 05, 28.0, , , , , , , UG/M3, 1 Hr, Valid]"
"[Hyderabad, PM2.5 - Principal, 2016-10-03 06:00 AM, 2016, 10, 03, 06, 25.0, , , , , , , UG/M3, 1 Hr, Valid]"
"[Hyderabad, PM2.5 - Principal, 2016-10-03 07:00 AM, 2016, 10, 03, 07, 25.0, , , , , , , UG/M3, 1 Hr, Valid]"
"[Hyderabad, PM2.5 - Principal, 2016-10-03 08:00 AM, 2016, 10, 03, 08, 28.0, , , , , , , UG/M3, 1 Hr, Valid]"
"[Hyderabad, PM2.5 - Principal, 2016-10-03 09:00 AM, 2016, 10, 03, 09, 40.0, , , , , , , UG/M3, 1 Hr, Valid]"
"[Hyderabad, PM2.5 - Principal, 2016-10-03 10:00 AM, 2016, 10, 03, 10, 27.0, , , , , , , UG/M3, 1 Hr, Valid]"
"[Hyderabad, PM2.5 - Principal, 2016-10-03 11:00 AM, 2016, 10, 03, 11, 28.0, , , , , , , UG/M3, 1 Hr, Valid]"
"[Hyderabad, PM2.5 - Principal, 2016-10-03 12:00 PM, 2016, 10, 03, 12, 28.0, , , , , , , UG/M3, 1 Hr, Valid]"
"[Hyderabad, PM2.5 - Principal, 2016-10-03 01:00 PM, 2016, 10, 03, 13, 27.0, , , , , , , UG/M3, 1 Hr, Valid]"
"[Hyderabad, PM2.5 - Principal, 2016-10-03 02:00 PM, 2016, 10, 03, 14, 23.0, , , , , , , UG/M3, 1 Hr, Valid]"
"[Hyderabad, PM2.5 - Principal, 2016-10-03 03:00 PM, 2016, 10, 03, 15, 20.0, , , , , , , UG/M3, 1 Hr, Valid]"
"[Hyderabad, PM2.5 - Principal, 2016-10-03 04:00 PM, 2016, 10, 03, 16, 27.0, , , , , , , UG/M3, 1 Hr, Valid]"
"[Hyderabad, PM2.5 - Principal, 2016-10-03 05:00 PM, 2016, 10, 03, 17, 26.0, , , , , , , UG/M3, 1 Hr, Valid]"
"[Hyderabad, PM2.5 - Principal, 2016-10-03 06:00 PM, 2016, 10, 03, 18, 31.0, , , , , , , UG/M3, 1 Hr, Valid]"
"[Hyderabad, PM2.5 - Principal, 2016-10-03 07:00 PM, 2016, 10, 03, 19, 39.0, , , , , , , UG/M3, 1 Hr, Valid]"
"[Hyderabad, PM2.5 - Principal, 2016-10-03 08:00 PM, 2016, 10, 03, 20, 55.0, , , , , , , UG/M3, 1 Hr, Valid]"
"[Hyderabad, PM2.5 - Principal, 2016-10-03 09:00 PM, 2016, 10, 03, 21, 51.0, , , , , , , UG/M3, 1 Hr, Valid]"
"[Hyderabad, PM2.5 - Principal, 2016-10-03 10:00 PM, 2016, 10, 03, 22, 63.0, , , , , , , UG/M3, 1 Hr, Valid]"
"[Hyderabad, PM2.5 - Principal, 2016-10-03 11:00 PM, 2016, 10, 03, 23, 83.0, , , , , , , UG/M3, 1 Hr, Valid]"
"[Hyderabad, PM2.5 - Principal, 2016-10-04 12:00 AM, 2016, 10, 04, 00, 83.0, , , , , , , UG/M3, 1 Hr, Valid]"
"[Hyderabad, PM2.5 - Principal, 2016-10-04 01:00 AM, 2016, 10, 04, 01, 71.0, , , , , , , UG/M3, 1 Hr, Valid]"
"[Hyderabad, PM2.5 - Principal, 2016-10-04 02:00 AM, 2016, 10, 04, 02, 65.0, , , , , , , UG/M3, 1 Hr, Valid]"
"[Hyderabad, PM2.5 - Principal, 2016-10-04 03:00 AM, 2016, 10, 04, 03, 35.0, , , , , , , UG/M3, 1 Hr, Valid]"
"[Hyderabad, PM2.5 - Principal, 2016-10-04 04:00 AM, 2016, 10, 04, 04, 19.0, , , , , , , UG/M3, 1 Hr, Valid]"
"[Hyderabad, PM2.5 - Principal, 2016-10-04 05:00 AM, 2016, 10, 04, 05, 17.0, , , , , , , UG/M3, 1 Hr, Valid]"
"[Hyderabad, PM2.5 - Principal, 2016-10-04 06:00 AM, 2016, 10, 04, 06, 15.0, , , , , , , UG/M3, 1 Hr, Valid]"
"[Hyderabad, PM2.5 - Principal, 2016-10-04 07:00 AM, 2016, 10, 04, 07, 22.0, , , , , , , UG/M3, 1 Hr, Valid]"
"[Hyderabad, PM2.5 - Principal, 2016-10-04 08:00 AM, 2016, 10, 04, 08, 27.0, , , , , , , UG/M3, 1 Hr, Valid]"
"[Hyderabad, PM2.5 - Principal, 2016-10-04 09:00 AM, 2016, 10, 04, 09, 37.0, , , , , , , UG/M3, 1 Hr, Valid]"
"[Hyderabad, PM2.5 - Principal, 2016-10-04 10:00 AM, 2016, 10, 04, 10, 27.0, , , , , , , UG/M3, 1 Hr, Valid]"
"[Hyderabad, PM2.5 - Principal, 2016-10-04 11:00 AM, 2016, 10, 04, 11, 26.0, , , , , , , UG/M3, 1 Hr, Valid]"
"[Hyderabad, PM2.5 - Principal, 2016-10-04 12:00 PM, 2016, 10, 04, 12, 24.0, , , , , , , UG/M3, 1 Hr, Valid]"
"[Hyderabad, PM2.5 - Principal, 2016-10-04 01:00 PM, 2016, 10, 04, 13, 15.0, , , , , , , UG/M3, 1 Hr, Valid]"
"[Hyderabad, PM2.5 - Principal, 2016-10-04 02:00 PM, 2016, 10, 04, 14, 20.0, , , , , , , UG/M3, 1 Hr, Valid]"
"[Hyderabad, PM2.5 - Principal, 2016-10-04 03:00 PM, 2016, 10, 04, 15, 15.0, , , , , , , UG/M3, 1 Hr, Valid]"
"[Hyderabad, PM2.5 - Principal, 2016-10-04 04:00 PM, 2016, 10, 04, 16, 18.0, , , , , , , UG/M3, 1 Hr, Valid]"
"[Hyderabad, PM2.5 - Principal, 2016-10-04 05:00 PM, 2016, 10, 04, 17, 23.0, , , , , , , UG/M3, 1 Hr, Valid]"
"[Hyderabad, PM2.5 - Principal, 2016-10-04 06:00 PM, 2016, 10, 04, 18, 18.0, , , , , , , UG/M3, 1 Hr, Valid]"
"[Hyderabad, PM2.5 - Principal, 2016-10-04 07:00 PM, 2016, 10, 04, 19, 22.0, , , , , , , UG/M3, 1 Hr, Valid]"
"[Hyderabad, PM2.5 - Principal, 2016-10-04 08:00 PM, 2016, 10, 04, 20, 28.0, , , , , , , UG/M3, 1 Hr, Valid]"
"[Hyderabad, PM2.5 - Principal, 2016-10-04 09:00 PM, 2016, 10, 04, 21, 40.0, , , , , , , UG/M3, 1 Hr, Valid]"
"[Hyderabad, PM2.5 - Principal, 2016-10-04 10:00 PM, 2016, 10, 04, 22, 21.0, , , , , , , UG/M3, 1 Hr, Valid]"
"[Hyderabad, PM2.5 - Principal, 2016-10-04 11:00 PM, 2016, 10, 04, 23, 23.0, , , , , , , UG/M3, 1 Hr, Valid]"
"[Hyderabad, PM2.5 - Principal, 2016-10-05 12:00 AM, 2016, 10, 05, 00, 17.0, , , , , , , UG/M3, 1 Hr, Valid]"
"[Hyderabad, PM2.5 - Principal, 2016-10-05 01:00 AM, 2016, 10, 05, 01, 14.0, , , , , , , UG/M3, 1 Hr, Valid]"
"[Hyderabad, PM2.5 - Principal, 2016-10-05 02:00 AM, 2016, 10, 05, 02, 10.0, , , , , , , UG/M3, 1 Hr, Valid]"
"[Hyderabad, PM2.5 - Principal, 2016-10-05 03:00 AM, 2016, 10, 05, 03, 18.0, , , , , , , UG/M3, 1 Hr, Valid]"
"[Hyderabad, PM2.5 - Principal, 2016-10-05 04:00 AM, 2016, 10, 05, 04, 20.0, , , , , , , UG/M3, 1 Hr, Valid]"
"[Hyderabad, PM2.5 - Principal, 2016-10-05 05:00 AM, 2016, 10, 05, 05, 26.0, , , , , , , UG/M3, 1 Hr, Valid]"
"[Hyderabad, PM2.5 - Principal, 2016-10-05 06:00 AM, 2016, 10, 05, 06, 11.0, , , , , , , UG/M3, 1 Hr, Valid]"
"[Hyderabad, PM2.5 - Principal, 2016-10-05 07:00 AM, 2016, 10, 05, 07, 22.0, , , , , , , UG/M3, 1 Hr, Valid]"
"[Hyderabad, PM2.5 - Principal, 2016-10-05 08:00 AM, 2016, 10, 05, 08, 27.0, , , , , , , UG/M3, 1 Hr, Valid]"
"[Hyderabad, PM2.5 - Principal, 2016-10-05 09:00 AM, 2016, 10, 05, 09, 29.0, , , , , , , UG/M3, 1 Hr, Valid]"
"[Hyderabad, PM2.5 - Principal, 2016-10-05 10:00 AM, 2016, 10, 05, 10, -999.0, , , , , , , UG/M3, 1 Hr, Missing]"
"[Hyderabad, PM2.5 - Principal, 2016-10-05 11:00 AM, 2016, 10, 05, 11, 22.0, , , , , , , UG/M3, 1 Hr, Valid]"
"[Hyderabad, PM2.5 - Principal, 2016-10-05 12:00 PM, 2016, 10, 05, 12, 26.0, , , , , , , UG/M3, 1 Hr, Valid]"
"[Hyderabad, PM2.5 - Principal, 2016-10-05 01:00 PM, 2016, 10, 05, 13, 22.0, , , , , , , UG/M3, 1 Hr, Valid]"
"[Hyderabad, PM2.5 - Principal, 2016-10-05 02:00 PM, 2016, 10, 05, 14, 22.0, , , , , , , UG/M3, 1 Hr, Valid]"
"[Hyderabad, PM2.5 - Principal, 2016-10-05 03:00 PM, 2016, 10, 05, 15, 25.0, , , , , , , UG/M3, 1 Hr, Valid]"
"[Hyderabad, PM2.5 - Principal, 2016-10-05 04:00 PM, 2016, 10, 05, 16, 30.0, , , , , , , UG/M3, 1 Hr, Valid]"
"[Hyderabad, PM2.5 - Principal, 2016-10-05 05:00 PM, 2016, 10, 05, 17, 31.0, , , , , , , UG/M3, 1 Hr, Valid]"
"[Hyderabad, PM2.5 - Principal, 2016-10-05 06:00 PM, 2016, 10, 05, 18, 33.0, , , , , , , UG/M3, 1 Hr, Valid]"
"[Hyderabad, PM2.5 - Principal, 2016-10-05 07:00 PM, 2016, 10, 05, 19, 25.0, , , , , , , UG/M3, 1 Hr, Valid]"
"[Hyderabad, PM2.5 - Principal, 2016-10-05 08:00 PM, 2016, 10, 05, 20, 26.0, , , , , , , UG/M3, 1 Hr, Valid]"
"[Hyderabad, PM2.5 - Principal, 2016-10-05 09:00 PM, 2016, 10, 05, 21, 42.0, , , , , , , UG/M3, 1 Hr, Valid]"
"[Hyderabad, PM2.5 - Principal, 2016-10-05 10:00 PM, 2016, 10, 05, 22, 45.0, , , , , , , UG/M3, 1 Hr, Valid]"
"[Hyderabad, PM2.5 - Principal, 2016-10-05 11:00 PM, 2016, 10, 05, 23, 36.0, , , , , , , UG/M3, 1 Hr, Valid]"
"[Hyderabad, PM2.5 - Principal, 2016-10-06 12:00 AM, 2016, 10, 06, 00, 34.0, , , , , , , UG/M3, 1 Hr, Valid]"
"[Hyderabad, PM2.5 - Principal, 2016-10-06 01:00 AM, 2016, 10, 06, 01, 30.0, , , , , , , UG/M3, 1 Hr, Valid]"
"[Hyderabad, PM2.5 - Principal, 2016-10-06 02:00 AM, 2016, 10, 06, 02, 32.0, , , , , , , UG/M3, 1 Hr, Valid]"
"[Hyderabad, PM2.5 - Principal, 2016-10-06 03:00 AM, 2016, 10, 06, 03, 27.0, , , , , , , UG/M3, 1 Hr, Valid]"
"[Hyderabad, PM2.5 - Principal, 2016-10-06 04:00 AM, 2016, 10, 06, 04, 30.0, , , , , , , UG/M3, 1 Hr, Valid]"
"[Hyderabad, PM2.5 - Principal, 2016-10-06 05:00 AM, 2016, 10, 06, 05, 26.0, , , , , , , UG/M3, 1 Hr, Valid]"
"[Hyderabad, PM2.5 - Principal, 2016-10-06 06:00 AM, 2016, 10, 06, 06, 15.0, , , , , , , UG/M3, 1 Hr, Valid]"
"[Hyderabad, PM2.5 - Principal, 2016-10-06 07:00 AM, 2016, 10, 06, 07, 28.0, , , , , , , UG/M3, 1 Hr, Valid]"
"[Hyderabad, PM2.5 - Principal, 2016-10-06 08:00 AM, 2016, 10, 06, 08, 35.0, , , , , , , UG/M3, 1 Hr, Valid]"
"[Hyderabad, PM2.5 - Principal, 2016-10-06 09:00 AM, 2016, 10, 06, 09, 21.0, , , , , , , UG/M3, 1 Hr, Valid]"
"[Hyderabad, PM2.5 - Principal, 2016-10-06 10:00 AM, 2016, 10, 06, 10, 22.0, , , , , , , UG/M3, 1 Hr, Valid]"
"[Hyderabad, PM2.5 - Principal, 2016-10-06 11:00 AM, 2016, 10, 06, 11, 24.0, , , , , , , UG/M3, 1 Hr, Valid]"
"[Hyderabad, PM2.5 - Principal, 2016-10-06 12:00 PM, 2016, 10, 06, 12, 28.0, , , , , , , UG/M3, 1 Hr, Valid]"
"[Hyderabad, PM2.5 - Principal, 2016-10-06 01:00 PM, 2016, 10, 06, 13, 25.0, , , , , , , UG/M3, 1 Hr, Valid]"
"[Hyderabad, PM2.5 - Principal, 2016-10-06 02:00 PM, 2016, 10, 06, 14, 14.0, , , , , , , UG/M3, 1 Hr, Valid]"
"[Hyderabad, PM2.5 - Principal, 2016-10-06 03:00 PM, 2016, 10, 06, 15, 23.0, , , , , , , UG/M3, 1 Hr, Valid]"
"[Hyderabad, PM2.5 - Principal, 2016-10-06 04:00 PM, 2016, 10, 06, 16, 18.0, , , , , , , UG/M3, 1 Hr, Valid]"
"[Hyderabad, PM2.5 - Principal, 2016-10-06 05:00 PM, 2016, 10, 06, 17, 22.0, , , , , , , UG/M3, 1 Hr, Valid]"
"[Hyderabad, PM2.5 - Principal, 2016-10-06 06:00 PM, 2016, 10, 06, 18, 18.0, , , , , , , UG/M3, 1 Hr, Valid]"
"[Hyderabad, PM2.5 - Principal, 2016-10-06 07:00 PM, 2016, 10, 06, 19, 39.0, , , , , , , UG/M3, 1 Hr, Valid]"
"[Hyderabad, PM2.5 - Principal, 2016-10-06 08:00 PM, 2016, 10, 06, 20, 34.0, , , , , , , UG/M3, 1 Hr, Valid]"
"[Hyderabad, PM2.5 - Principal, 2016-10-06 09:00 PM, 2016, 10, 06, 21, 47.0, , , , , , , UG/M3, 1 Hr, Valid]"
"[Hyderabad, PM2.5 - Principal, 2016-10-06 10:00 PM, 2016, 10, 06, 22, 25.0, , , , , , , UG/M3, 1 Hr, Valid]"
"[Hyderabad, PM2.5 - Principal, 2016-10-06 11:00 PM, 2016, 10, 06, 23, 34.0, , , , , , , UG/M3, 1 Hr, Valid]"
"[Hyderabad, PM2.5 - Principal, 2016-10-07 12:00 AM, 2016, 10, 07, 00, 41.0, , , , , , , UG/M3, 1 Hr, Valid]"
"[Hyderabad, PM2.5 - Principal, 2016-10-07 01:00 AM, 2016, 10, 07, 01, 43.0, , , , , , , UG/M3, 1 Hr, Valid]"
"[Hyderabad, PM2.5 - Principal, 2016-10-07 02:00 AM, 2016, 10, 07, 02, 42.0, , , , , , , UG/M3, 1 Hr, Valid]"
"[Hyderabad, PM2.5 - Principal, 2016-10-07 03:00 AM, 2016, 10, 07, 03, 36.0, , , , , , , UG/M3, 1 Hr, Valid]"
"[Hyderabad, PM2.5 - Principal, 2016-10-07 04:00 AM, 2016, 10, 07, 04, 36.0, , , , , , , UG/M3, 1 Hr, Valid]"
"[Hyderabad, PM2.5 - Principal, 2016-10-07 05:00 AM, 2016, 10, 07, 05, 27.0, , , , , , , UG/M3, 1 Hr, Valid]"
"[Hyderabad, PM2.5 - Principal, 2016-10-07 06:00 AM, 2016, 10, 07, 06, 33.0, , , , , , , UG/M3, 1 Hr, Valid]"
"[Hyderabad, PM2.5 - Principal, 2016-10-07 07:00 AM, 2016, 10, 07, 07, 34.0, , , , , , , UG/M3, 1 Hr, Valid]"
"[Hyderabad, PM2.5 - Principal, 2016-10-07 08:00 AM, 2016, 10, 07, 08, 43.0, , , , , , , UG/M3, 1 Hr, Valid]"
"[Hyderabad, PM2.5 - Principal, 2016-10-07 09:00 AM, 2016, 10, 07, 09, 49.0, , , , , , , UG/M3, 1 Hr, Valid]"
"[Hyderabad, PM2.5 - Principal, 2016-10-07 10:00 AM, 2016, 10, 07, 10, 31.0, , , , , , , UG/M3, 1 Hr, Valid]"
"[Hyderabad, PM2.5 - Principal, 2016-10-07 11:00 AM, 2016, 10, 07, 11, 31.0, , , , , , , UG/M3, 1 Hr, Valid]"
"[Hyderabad, PM2.5 - Principal, 2016-10-07 12:00 PM, 2016, 10, 07, 12, 11.0, , , , , , , UG/M3, 1 Hr, Valid]"
"[Hyderabad, PM2.5 - Principal, 2016-10-07 01:00 PM, 2016, 10, 07, 13, 32.0, , , , , , , UG/M3, 1 Hr, Valid]"
"[Hyderabad, PM2.5 - Principal, 2016-10-07 02:00 PM, 2016, 10, 07, 14, 32.0, , , , , , , UG/M3, 1 Hr, Valid]"
"[Hyderabad, PM2.5 - Principal, 2016-10-07 03:00 PM, 2016, 10, 07, 15, 32.0, , , , , , , UG/M3, 1 Hr, Valid]"
"[Hyderabad, PM2.5 - Principal, 2016-10-07 04:00 PM, 2016, 10, 07, 16, 28.0, , , , , , , UG/M3, 1 Hr, Valid]"
"[Hyderabad, PM2.5 - Principal, 2016-10-07 05:00 PM, 2016, 10, 07, 17, 26.0, , , , , , , UG/M3, 1 Hr, Valid]"
"[Hyderabad, PM2.5 - Principal, 2016-10-07 06:00 PM, 2016, 10, 07, 18, 24.0, , , , , , , UG/M3, 1 Hr, Valid]"
"[Hyderabad, PM2.5 - Principal, 2016-10-07 07:00 PM, 2016, 10, 07, 19, 32.0, , , , , , , UG/M3, 1 Hr, Valid]"
"[Hyderabad, PM2.5 - Principal, 2016-10-07 08:00 PM, 2016, 10, 07, 20, 42.0, , , , , , , UG/M3, 1 Hr, Valid]"
"[Hyderabad, PM2.5 - Principal, 2016-10-07 09:00 PM, 2016, 10, 07, 21, 35.0, , , , , , , UG/M3, 1 Hr, Valid]"
"[Hyderabad, PM2.5 - Principal, 2016-10-07 10:00 PM, 2016, 10, 07, 22, 31.0, , , , , , , UG/M3, 1 Hr, Valid]"
"[Hyderabad, PM2.5 - Principal, 2016-10-07 11:00 PM, 2016, 10, 07, 23, 45.0, , , , , , , UG/M3, 1 Hr, Valid]"
"[Hyderabad, PM2.5 - Principal, 2016-10-08 12:00 AM, 2016, 10, 08, 00, 34.0, , , , , , , UG/M3, 1 Hr, Valid]"
"[Hyderabad, PM2.5 - Principal, 2016-10-08 01:00 AM, 2016, 10, 08, 01, 25.0, , , , , , , UG/M3, 1 Hr, Valid]"
"[Hyderabad, PM2.5 - Principal, 2016-10-08 02:00 AM, 2016, 10, 08, 02, 25.0, , , , , , , UG/M3, 1 Hr, Valid]"
"[Hyderabad, PM2.5 - Principal, 2016-10-08 03:00 AM, 2016, 10, 08, 03, 33.0, , , , , , , UG/M3, 1 Hr, Valid]"
"[Hyderabad, PM2.5 - Principal, 2016-10-08 04:00 AM, 2016, 10, 08, 04, 34.0, , , , , , , UG/M3, 1 Hr, Valid]"
"[Hyderabad, PM2.5 - Principal, 2016-10-08 05:00 AM, 2016, 10, 08, 05, 40.0, , , , , , , UG/M3, 1 Hr, Valid]"
"[Hyderabad, PM2.5 - Principal, 2016-10-08 06:00 AM, 2016, 10, 08, 06, 39.0, , , , , , , UG/M3, 1 Hr, Valid]"
"[Hyderabad, PM2.5 - Principal, 2016-10-08 07:00 AM, 2016, 10, 08, 07, 27.0, , , , , , , UG/M3, 1 Hr, Valid]"
"[Hyderabad, PM2.5 - Principal, 2016-10-08 08:00 AM, 2016, 10, 08, 08, 27.0, , , , , , , UG/M3, 1 Hr, Valid]"
"[Hyderabad, PM2.5 - Principal, 2016-10-08 09:00 AM, 2016, 10, 08, 09, 23.0, , , , , , , UG/M3, 1 Hr, Valid]"
"[Hyderabad, PM2.5 - Principal, 2016-10-08 10:00 AM, 2016, 10, 08, 10, 27.0, , , , , , , UG/M3, 1 Hr, Valid]"
"[Hyderabad, PM2.5 - Principal, 2016-10-08 11:00 AM, 2016, 10, 08, 11, 33.0, , , , , , , UG/M3, 1 Hr, Valid]"
"[Hyderabad, PM2.5 - Principal, 2016-10-08 12:00 PM, 2016, 10, 08, 12, 34.0, , , , , , , UG/M3, 1 Hr, Valid]"
"[Hyderabad, PM2.5 - Principal, 2016-10-08 01:00 PM, 2016, 10, 08, 13, 34.0, , , , , , , UG/M3, 1 Hr, Valid]"
"[Hyderabad, PM2.5 - Principal, 2016-10-08 02:00 PM, 2016, 10, 08, 14, 24.0, , , , , , , UG/M3, 1 Hr, Valid]"
"[Hyderabad, PM2.5 - Principal, 2016-10-08 03:00 PM, 2016, 10, 08, 15, 21.0, , , , , , , UG/M3, 1 Hr, Valid]"
"[Hyderabad, PM2.5 - Principal, 2016-10-08 04:00 PM, 2016, 10, 08, 16, 29.0, , , , , , , UG/M3, 1 Hr, Valid]"
"[Hyderabad, PM2.5 - Principal, 2016-10-08 05:00 PM, 2016, 10, 08, 17, 24.0, , , , , , , UG/M3, 1 Hr, Valid]"
"[Hyderabad, PM2.5 - Principal, 2016-10-08 06:00 PM, 2016, 10, 08, 18, 30.0, , , , , , , UG/M3, 1 Hr, Valid]"
"[Hyderabad, PM2.5 - Principal, 2016-10-08 07:00 PM, 2016, 10, 08, 19, 26.0, , , , , , , UG/M3, 1 Hr, Valid]"
"[Hyderabad, PM2.5 - Principal, 2016-10-08 08:00 PM, 2016, 10, 08, 20, 36.0, , , , , , , UG/M3, 1 Hr, Valid]"
"[Hyderabad, PM2.5 - Principal, 2016-10-08 09:00 PM, 2016, 10, 08, 21, 45.0, , , , , , , UG/M3, 1 Hr, Valid]"
"[Hyderabad, PM2.5 - Principal, 2016-10-08 10:00 PM, 2016, 10, 08, 22, 45.0, , , , , , , UG/M3, 1 Hr, Valid]"
"[Hyderabad, PM2.5 - Principal, 2016-10-08 11:00 PM, 2016, 10, 08, 23, 32.0, , , , , , , UG/M3, 1 Hr, Valid]"
"[Hyderabad, PM2.5 - Principal, 2016-10-09 12:00 AM, 2016, 10, 09, 00, 40.0, , , , , , , UG/M3, 1 Hr, Valid]"
"[Hyderabad, PM2.5 - Principal, 2016-10-09 01:00 AM, 2016, 10, 09, 01, 28.0, , , , , , , UG/M3, 1 Hr, Valid]"
"[Hyderabad, PM2.5 - Principal, 2016-10-09 02:00 AM, 2016, 10, 09, 02, 18.0, , , , , , , UG/M3, 1 Hr, Valid]"
"[Hyderabad, PM2.5 - Principal, 2016-10-09 03:00 AM, 2016, 10, 09, 03, 22.0, , , , , , , UG/M3, 1 Hr, Valid]"
"[Hyderabad, PM2.5 - Principal, 2016-10-09 04:00 AM, 2016, 10, 09, 04, 21.0, , , , , , , UG/M3, 1 Hr, Valid]"
"[Hyderabad, PM2.5 - Principal, 2016-10-09 05:00 AM, 2016, 10, 09, 05, 34.0, , , , , , , UG/M3, 1 Hr, Valid]"
"[Hyderabad, PM2.5 - Principal, 2016-10-09 06:00 AM, 2016, 10, 09, 06, 36.0, , , , , , , UG/M3, 1 Hr, Valid]"
"[Hyderabad, PM2.5 - Principal, 2016-10-09 07:00 AM, 2016, 10, 09, 07, 44.0, , , , , , , UG/M3, 1 Hr, Valid]"
"[Hyderabad, PM2.5 - Principal, 2016-10-09 08:00 AM, 2016, 10, 09, 08, 36.0, , , , , , , UG/M3, 1 Hr, Valid]"
"[Hyderabad, PM2.5 - Principal, 2016-10-09 09:00 AM, 2016, 10, 09, 09, 20.0, , , , , , , UG/M3, 1 Hr, Valid]"
"[Hyderabad, PM2.5 - Principal, 2016-10-09 10:00 AM, 2016, 10, 09, 10, 30.0, , , , , , , UG/M3, 1 Hr, Valid]"
"[Hyderabad, PM2.5 - Principal, 2016-10-09 11:00 AM, 2016, 10, 09, 11, 31.0, , , , , , , UG/M3, 1 Hr, Valid]"
"[Hyderabad, PM2.5 - Principal, 2016-10-09 12:00 PM, 2016, 10, 09, 12, 38.0, , , , , , , UG/M3, 1 Hr, Valid]"
"[Hyderabad, PM2.5 - Principal, 2016-10-09 01:00 PM, 2016, 10, 09, 13, 44.0, , , , , , , UG/M3, 1 Hr, Valid]"
"[Hyderabad, PM2.5 - Principal, 2016-10-09 02:00 PM, 2016, 10, 09, 14, 29.0, , , , , , , UG/M3, 1 Hr, Valid]"
"[Hyderabad, PM2.5 - Principal, 2016-10-09 03:00 PM, 2016, 10, 09, 15, 42.0, , , , , , , UG/M3, 1 Hr, Valid]"
"[Hyderabad, PM2.5 - Principal, 2016-10-09 04:00 PM, 2016, 10, 09, 16, 39.0, , , , , , , UG/M3, 1 Hr, Valid]"
"[Hyderabad, PM2.5 - Principal, 2016-10-09 05:00 PM, 2016, 10, 09, 17, 48.0, , , , , , , UG/M3, 1 Hr, Valid]"
"[Hyderabad, PM2.5 - Principal, 2016-10-09 06:00 PM, 2016, 10, 09, 18, 61.0, , , , , , , UG/M3, 1 Hr, Valid]"
"[Hyderabad, PM2.5 - Principal, 2016-10-09 07:00 PM, 2016, 10, 09, 19, 68.0, , , , , , , UG/M3, 1 Hr, Valid]"
"[Hyderabad, PM2.5 - Principal, 2016-10-09 08:00 PM, 2016, 10, 09, 20, 81.0, , , , , , , UG/M3, 1 Hr, Valid]"
"[Hyderabad, PM2.5 - Principal, 2016-10-09 09:00 PM, 2016, 10, 09, 21, 81.0, , , , , , , UG/M3, 1 Hr, Valid]"
"[Hyderabad, PM2.5 - Principal, 2016-10-09 10:00 PM, 2016, 10, 09, 22, 80.0, , , , , , , UG/M3, 1 Hr, Valid]"
"[Hyderabad, PM2.5 - Principal, 2016-10-09 11:00 PM, 2016, 10, 09, 23, 54.0, , , , , , , UG/M3, 1 Hr, Valid]"
"[Hyderabad, PM2.5 - Principal, 2016-10-10 12:00 AM, 2016, 10, 10, 00, 53.0, , , , , , , UG/M3, 1 Hr, Valid]"
"[Hyderabad, PM2.5 - Principal, 2016-10-10 01:00 AM, 2016, 10, 10, 01, 51.0, , , , , , , UG/M3, 1 Hr, Valid]"
"[Hyderabad, PM2.5 - Principal, 2016-10-10 02:00 AM, 2016, 10, 10, 02, 69.0, , , , , , , UG/M3, 1 Hr, Valid]"
"[Hyderabad, PM2.5 - Principal, 2016-10-10 03:00 AM, 2016, 10, 10, 03, 59.0, , , , , , , UG/M3, 1 Hr, Valid]"
"[Hyderabad, PM2.5 - Principal, 2016-10-10 04:00 AM, 2016, 10, 10, 04, 49.0, , , , , , , UG/M3, 1 Hr, Valid]"
"[Hyderabad, PM2.5 - Principal, 2016-10-10 05:00 AM, 2016, 10, 10, 05, 36.0, , , , , , , UG/M3, 1 Hr, Valid]"
"[Hyderabad, PM2.5 - Principal, 2016-10-10 06:00 AM, 2016, 10, 10, 06, 35.0, , , , , , , UG/M3, 1 Hr, Valid]"
"[Hyderabad, PM2.5 - Principal, 2016-10-10 07:00 AM, 2016, 10, 10, 07, 29.0, , , , , , , UG/M3, 1 Hr, Valid]"
"[Hyderabad, PM2.5 - Principal, 2016-10-10 08:00 AM, 2016, 10, 10, 08, 29.0, , , , , , , UG/M3, 1 Hr, Valid]"
"[Hyderabad, PM2.5 - Principal, 2016-10-10 09:00 AM, 2016, 10, 10, 09, 34.0, , , , , , , UG/M3, 1 Hr, Valid]"
"[Hyderabad, PM2.5 - Principal, 2016-10-10 10:00 AM, 2016, 10, 10, 10, 32.0, , , , , , , UG/M3, 1 Hr, Valid]"
"[Hyderabad, PM2.5 - Principal, 2016-10-10 11:00 AM, 2016, 10, 10, 11, 41.0, , , , , , , UG/M3, 1 Hr, Valid]"
"[Hyderabad, PM2.5 - Principal, 2016-10-10 12:00 PM, 2016, 10, 10, 12, 45.0, , , , , , , UG/M3, 1 Hr, Valid]"
"[Hyderabad, PM2.5 - Principal, 2016-10-10 01:00 PM, 2016, 10, 10, 13, 43.0, , , , , , , UG/M3, 1 Hr, Valid]"
"[Hyderabad, PM2.5 - Principal, 2016-10-10 02:00 PM, 2016, 10, 10, 14, 42.0, , , , , , , UG/M3, 1 Hr, Valid]"
"[Hyderabad, PM2.5 - Principal, 2016-10-10 03:00 PM, 2016, 10, 10, 15, 55.0, , , , , , , UG/M3, 1 Hr, Valid]"
"[Hyderabad, PM2.5 - Principal, 2016-10-10 04:00 PM, 2016, 10, 10, 16, 48.0, , , , , , , UG/M3, 1 Hr, Valid]"
"[Hyderabad, PM2.5 - Principal, 2016-10-10 05:00 PM, 2016, 10, 10, 17, 52.0, , , , , , , UG/M3, 1 Hr, Valid]"
"[Hyderabad, PM2.5 - Principal, 2016-10-10 06:00 PM, 2016, 10, 10, 18, 59.0, , , , , , , UG/M3, 1 Hr, Valid]"
"[Hyderabad, PM2.5 - Principal, 2016-10-10 07:00 PM, 2016, 10, 10, 19, 68.0, , , , , , , UG/M3, 1 Hr, Valid]"
"[Hyderabad, PM2.5 - Principal, 2016-10-10 08:00 PM, 2016, 10, 10, 20, 76.0, , , , , , , UG/M3, 1 Hr, Valid]"
"[Hyderabad, PM2.5 - Principal, 2016-10-10 09:00 PM, 2016, 10, 10, 21, 75.0, , , , , , , UG/M3, 1 Hr, Valid]"
"[Hyderabad, PM2.5 - Principal, 2016-10-10 10:00 PM, 2016, 10, 10, 22, 79.0, , , , , , , UG/M3, 1 Hr, Valid]"
"[Hyderabad, PM2.5 - Principal, 2016-10-10 11:00 PM, 2016, 10, 10, 23, 82.0, , , , , , , UG/M3, 1 Hr, Valid]"
"[Hyderabad, PM2.5 - Principal, 2016-10-11 12:00 AM, 2016, 10, 11, 00, 121.0, , , , , , , UG/M3, 1 Hr, Valid]"
"[Hyderabad, PM2.5 - Principal, 2016-10-11 01:00 AM, 2016, 10, 11, 01, 139.0, , , , , , , UG/M3, 1 Hr, Valid]"
"[Hyderabad, PM2.5 - Principal, 2016-10-11 02:00 AM, 2016, 10, 11, 02, 103.0, , , , , , , UG/M3, 1 Hr, Valid]"
"[Hyderabad, PM2.5 - Principal, 2016-10-11 03:00 AM, 2016, 10, 11, 03, 86.0, , , , , , , UG/M3, 1 Hr, Valid]"
"[Hyderabad, PM2.5 - Principal, 2016-10-11 04:00 AM, 2016, 10, 11, 04, 81.0, , , , , , , UG/M3, 1 Hr, Valid]"
"[Hyderabad, PM2.5 - Principal, 2016-10-11 05:00 AM, 2016, 10, 11, 05, 71.0, , , , , , , UG/M3, 1 Hr, Valid]"
"[Hyderabad, PM2.5 - Principal, 2016-10-11 06:00 AM, 2016, 10, 11, 06, 66.0, , , , , , , UG/M3, 1 Hr, Valid]"
"[Hyderabad, PM2.5 - Principal, 2016-10-11 07:00 AM, 2016, 10, 11, 07, 84.0, , , , , , , UG/M3, 1 Hr, Valid]"
"[Hyderabad, PM2.5 - Principal, 2016-10-11 08:00 AM, 2016, 10, 11, 08, 71.0, , , , , , , UG/M3, 1 Hr, Valid]"
"[Hyderabad, PM2.5 - Principal, 2016-10-11 09:00 AM, 2016, 10, 11, 09, 65.0, , , , , , , UG/M3, 1 Hr, Valid]"
"[Hyderabad, PM2.5 - Principal, 2016-10-11 10:00 AM, 2016, 10, 11, 10, 62.0, , , , , , , UG/M3, 1 Hr, Valid]"
"[Hyderabad, PM2.5 - Principal, 2016-10-11 11:00 AM, 2016, 10, 11, 11, 53.0, , , , , , , UG/M3, 1 Hr, Valid]"
"[Hyderabad, PM2.5 - Principal, 2016-10-11 12:00 PM, 2016, 10, 11, 12, 48.0, , , , , , , UG/M3, 1 Hr, Valid]"
"[Hyderabad, PM2.5 - Principal, 2016-10-11 01:00 PM, 2016, 10, 11, 13, 42.0, , , , , , , UG/M3, 1 Hr, Valid]"
"[Hyderabad, PM2.5 - Principal, 2016-10-11 02:00 PM, 2016, 10, 11, 14, 43.0, , , , , , , UG/M3, 1 Hr, Valid]"
"[Hyderabad, PM2.5 - Principal, 2016-10-11 03:00 PM, 2016, 10, 11, 15, 37.0, , , , , , , UG/M3, 1 Hr, Valid]"
"[Hyderabad, PM2.5 - Principal, 2016-10-11 04:00 PM, 2016, 10, 11, 16, 38.0, , , , , , , UG/M3, 1 Hr, Valid]"
"[Hyderabad, PM2.5 - Principal, 2016-10-11 05:00 PM, 2016, 10, 11, 17, 50.0, , , , , , , UG/M3, 1 Hr, Valid]"
"[Hyderabad, PM2.5 - Principal, 2016-10-11 06:00 PM, 2016, 10, 11, 18, 50.0, , , , , , , UG/M3, 1 Hr, Valid]"
"[Hyderabad, PM2.5 - Principal, 2016-10-11 07:00 PM, 2016, 10, 11, 19, 59.0, , , , , , , UG/M3, 1 Hr, Valid]"
"[Hyderabad, PM2.5 - Principal, 2016-10-11 08:00 PM, 2016, 10, 11, 20, 61.0, , , , , , , UG/M3, 1 Hr, Valid]"
"[Hyderabad, PM2.5 - Principal, 2016-10-11 09:00 PM, 2016, 10, 11, 21, 77.0, , , , , , , UG/M3, 1 Hr, Valid]"
"[Hyderabad, PM2.5 - Principal, 2016-10-11 10:00 PM, 2016, 10, 11, 22, 91.0, , , , , , , UG/M3, 1 Hr, Valid]"
"[Hyderabad, PM2.5 - Principal, 2016-10-11 11:00 PM, 2016, 10, 11, 23, 77.0, , , , , , , UG/M3, 1 Hr, Valid]"
"[Hyderabad, PM2.5 - Principal, 2016-10-12 12:00 AM, 2016, 10, 12, 00, 77.0, , , , , , , UG/M3, 1 Hr, Valid]"
"[Hyderabad, PM2.5 - Principal, 2016-10-12 01:00 AM, 2016, 10, 12, 01, 82.0, , , , , , , UG/M3, 1 Hr, Valid]"
"[Hyderabad, PM2.5 - Principal, 2016-10-12 02:00 AM, 2016, 10, 12, 02, 83.0, , , , , , , UG/M3, 1 Hr, Valid]"
"[Hyderabad, PM2.5 - Principal, 2016-10-12 03:00 AM, 2016, 10, 12, 03, 78.0, , , , , , , UG/M3, 1 Hr, Valid]"
"[Hyderabad, PM2.5 - Principal, 2016-10-12 04:00 AM, 2016, 10, 12, 04, 79.0, , , , , , , UG/M3, 1 Hr, Valid]"
"[Hyderabad, PM2.5 - Principal, 2016-10-12 05:00 AM, 2016, 10, 12, 05, 70.0, , , , , , , UG/M3, 1 Hr, Valid]"
"[Hyderabad, PM2.5 - Principal, 2016-10-12 06:00 AM, 2016, 10, 12, 06, 86.0, , , , , , , UG/M3, 1 Hr, Valid]"
"[Hyderabad, PM2.5 - Principal, 2016-10-12 07:00 AM, 2016, 10, 12, 07, 86.0, , , , , , , UG/M3, 1 Hr, Valid]"
"[Hyderabad, PM2.5 - Principal, 2016-10-12 08:00 AM, 2016, 10, 12, 08, 98.0, , , , , , , UG/M3, 1 Hr, Valid]"
"[Hyderabad, PM2.5 - Principal, 2016-10-12 09:00 AM, 2016, 10, 12, 09, 93.0, , , , , , , UG/M3, 1 Hr, Valid]"
"[Hyderabad, PM2.5 - Principal, 2016-10-12 10:00 AM, 2016, 10, 12, 10, 73.0, , , , , , , UG/M3, 1 Hr, Valid]"
"[Hyderabad, PM2.5 - Principal, 2016-10-12 11:00 AM, 2016, 10, 12, 11, 59.0, , , , , , , UG/M3, 1 Hr, Valid]"
"[Hyderabad, PM2.5 - Principal, 2016-10-12 12:00 PM, 2016, 10, 12, 12, 44.0, , , , , , , UG/M3, 1 Hr, Valid]"
"[Hyderabad, PM2.5 - Principal, 2016-10-12 01:00 PM, 2016, 10, 12, 13, 33.0, , , , , , , UG/M3, 1 Hr, Valid]"
"[Hyderabad, PM2.5 - Principal, 2016-10-12 02:00 PM, 2016, 10, 12, 14, 28.0, , , , , , , UG/M3, 1 Hr, Valid]"
"[Hyderabad, PM2.5 - Principal, 2016-10-12 03:00 PM, 2016, 10, 12, 15, 33.0, , , , , , , UG/M3, 1 Hr, Valid]"
"[Hyderabad, PM2.5 - Principal, 2016-10-12 04:00 PM, 2016, 10, 12, 16, 33.0, , , , , , , UG/M3, 1 Hr, Valid]"
"[Hyderabad, PM2.5 - Principal, 2016-10-12 05:00 PM, 2016, 10, 12, 17, 36.0, , , , , , , UG/M3, 1 Hr, Valid]"
"[Hyderabad, PM2.5 - Principal, 2016-10-12 06:00 PM, 2016, 10, 12, 18, 43.0, , , , , , , UG/M3, 1 Hr, Valid]"
"[Hyderabad, PM2.5 - Principal, 2016-10-12 07:00 PM, 2016, 10, 12, 19, 71.0, , , , , , , UG/M3, 1 Hr, Valid]"
"[Hyderabad, PM2.5 - Principal, 2016-10-12 08:00 PM, 2016, 10, 12, 20, 63.0, , , , , , , UG/M3, 1 Hr, Valid]"
"[Hyderabad, PM2.5 - Principal, 2016-10-12 09:00 PM, 2016, 10, 12, 21, 75.0, , , , , , , UG/M3, 1 Hr, Valid]"
"[Hyderabad, PM2.5 - Principal, 2016-10-12 10:00 PM, 2016, 10, 12, 22, 80.0, , , , , , , UG/M3, 1 Hr, Valid]"
"[Hyderabad, PM2.5 - Principal, 2016-10-12 11:00 PM, 2016, 10, 12, 23, 73.0, , , , , , , UG/M3, 1 Hr, Valid]"
"[Hyderabad, PM2.5 - Principal, 2016-10-13 12:00 AM, 2016, 10, 13, 00, 69.0, , , , , , , UG/M3, 1 Hr, Valid]"
"[Hyderabad, PM2.5 - Principal, 2016-10-13 01:00 AM, 2016, 10, 13, 01, 64.0, , , , , , , UG/M3, 1 Hr, Valid]"
"[Hyderabad, PM2.5 - Principal, 2016-10-13 02:00 AM, 2016, 10, 13, 02, 77.0, , , , , , , UG/M3, 1 Hr, Valid]"
"[Hyderabad, PM2.5 - Principal, 2016-10-13 03:00 AM, 2016, 10, 13, 03, 62.0, , , , , , , UG/M3, 1 Hr, Valid]"
"[Hyderabad, PM2.5 - Principal, 2016-10-13 04:00 AM, 2016, 10, 13, 04, 64.0, , , , , , , UG/M3, 1 Hr, Valid]"
"[Hyderabad, PM2.5 - Principal, 2016-10-13 05:00 AM, 2016, 10, 13, 05, 64.0, , , , , , , UG/M3, 1 Hr, Valid]"
"[Hyderabad, PM2.5 - Principal, 2016-10-13 06:00 AM, 2016, 10, 13, 06, 75.0, , , , , , , UG/M3, 1 Hr, Valid]"
"[Hyderabad, PM2.5 - Principal, 2016-10-13 07:00 AM, 2016, 10, 13, 07, 78.0, , , , , , , UG/M3, 1 Hr, Valid]"
"[Hyderabad, PM2.5 - Principal, 2016-10-13 08:00 AM, 2016, 10, 13, 08, 68.0, , , , , , , UG/M3, 1 Hr, Valid]"
"[Hyderabad, PM2.5 - Principal, 2016-10-13 09:00 AM, 2016, 10, 13, 09, 79.0, , , , , , , UG/M3, 1 Hr, Valid]"
"[Hyderabad, PM2.5 - Principal, 2016-10-13 10:00 AM, 2016, 10, 13, 10, 38.0, , , , , , , UG/M3, 1 Hr, Valid]"
"[Hyderabad, PM2.5 - Principal, 2016-10-13 11:00 AM, 2016, 10, 13, 11, 24.0, , , , , , , UG/M3, 1 Hr, Valid]"
"[Hyderabad, PM2.5 - Principal, 2016-10-13 12:00 PM, 2016, 10, 13, 12, 37.0, , , , , , , UG/M3, 1 Hr, Valid]"
"[Hyderabad, PM2.5 - Principal, 2016-10-13 01:00 PM, 2016, 10, 13, 13, 30.0, , , , , , , UG/M3, 1 Hr, Valid]"
"[Hyderabad, PM2.5 - Principal, 2016-10-13 02:00 PM, 2016, 10, 13, 14, 49.0, , , , , , , UG/M3, 1 Hr, Valid]"
"[Hyderabad, PM2.5 - Principal, 2016-10-13 03:00 PM, 2016, 10, 13, 15, 56.0, , , , , , , UG/M3, 1 Hr, Valid]"
"[Hyderabad, PM2.5 - Principal, 2016-10-13 04:00 PM, 2016, 10, 13, 16, 56.0, , , , , , , UG/M3, 1 Hr, Valid]"
"[Hyderabad, PM2.5 - Principal, 2016-10-13 05:00 PM, 2016, 10, 13, 17, 50.0, , , , , , , UG/M3, 1 Hr, Valid]"
"[Hyderabad, PM2.5 - Principal, 2016-10-13 06:00 PM, 2016, 10, 13, 18, 64.0, , , , , , , UG/M3, 1 Hr, Valid]"
"[Hyderabad, PM2.5 - Principal, 2016-10-13 07:00 PM, 2016, 10, 13, 19, 65.0, , , , , , , UG/M3, 1 Hr, Valid]"
"[Hyderabad, PM2.5 - Principal, 2016-10-13 08:00 PM, 2016, 10, 13, 20, 61.0, , , , , , , UG/M3, 1 Hr, Valid]"
"[Hyderabad, PM2.5 - Principal, 2016-10-13 09:00 PM, 2016, 10, 13, 21, 66.0, , , , , , , UG/M3, 1 Hr, Valid]"
"[Hyderabad, PM2.5 - Principal, 2016-10-13 10:00 PM, 2016, 10, 13, 22, 66.0, , , , , , , UG/M3, 1 Hr, Valid]"
"[Hyderabad, PM2.5 - Principal, 2016-10-13 11:00 PM, 2016, 10, 13, 23, 65.0, , , , , , , UG/M3, 1 Hr, Valid]"
"[Hyderabad, PM2.5 - Principal, 2016-10-14 12:00 AM, 2016, 10, 14, 00, 63.0, , , , , , , UG/M3, 1 Hr, Valid]"
"[Hyderabad, PM2.5 - Principal, 2016-10-14 01:00 AM, 2016, 10, 14, 01, 41.0, , , , , , , UG/M3, 1 Hr, Valid]"
"[Hyderabad, PM2.5 - Principal, 2016-10-14 02:00 AM, 2016, 10, 14, 02, 47.0, , , , , , , UG/M3, 1 Hr, Valid]"
"[Hyderabad, PM2.5 - Principal, 2016-10-14 03:00 AM, 2016, 10, 14, 03, 49.0, , , , , , , UG/M3, 1 Hr, Valid]"
"[Hyderabad, PM2.5 - Principal, 2016-10-14 04:00 AM, 2016, 10, 14, 04, 59.0, , , , , , , UG/M3, 1 Hr, Valid]"
"[Hyderabad, PM2.5 - Principal, 2016-10-14 05:00 AM, 2016, 10, 14, 05, 59.0, , , , , , , UG/M3, 1 Hr, Valid]"
"[Hyderabad, PM2.5 - Principal, 2016-10-14 06:00 AM, 2016, 10, 14, 06, 59.0, , , , , , , UG/M3, 1 Hr, Valid]"
"[Hyderabad, PM2.5 - Principal, 2016-10-14 07:00 AM, 2016, 10, 14, 07, 89.0, , , , , , , UG/M3, 1 Hr, Valid]"
"[Hyderabad, PM2.5 - Principal, 2016-10-14 08:00 AM, 2016, 10, 14, 08, 78.0, , , , , , , UG/M3, 1 Hr, Valid]"
"[Hyderabad, PM2.5 - Principal, 2016-10-14 09:00 AM, 2016, 10, 14, 09, 62.0, , , , , , , UG/M3, 1 Hr, Valid]"
"[Hyderabad, PM2.5 - Principal, 2016-10-14 10:00 AM, 2016, 10, 14, 10, 51.0, , , , , , , UG/M3, 1 Hr, Valid]"
"[Hyderabad, PM2.5 - Principal, 2016-10-14 11:00 AM, 2016, 10, 14, 11, 36.0, , , , , , , UG/M3, 1 Hr, Valid]"
"[Hyderabad, PM2.5 - Principal, 2016-10-14 12:00 PM, 2016, 10, 14, 12, 34.0, , , , , , , UG/M3, 1 Hr, Valid]"
"[Hyderabad, PM2.5 - Principal, 2016-10-14 01:00 PM, 2016, 10, 14, 13, 35.0, , , , , , , UG/M3, 1 Hr, Valid]"
"[Hyderabad, PM2.5 - Principal, 2016-10-14 02:00 PM, 2016, 10, 14, 14, 39.0, , , , , , , UG/M3, 1 Hr, Valid]"
"[Hyderabad, PM2.5 - Principal, 2016-10-14 03:00 PM, 2016, 10, 14, 15, 37.0, , , , , , , UG/M3, 1 Hr, Valid]"
"[Hyderabad, PM2.5 - Principal, 2016-10-14 04:00 PM, 2016, 10, 14, 16, 30.0, , , , , , , UG/M3, 1 Hr, Valid]"
"[Hyderabad, PM2.5 - Principal, 2016-10-14 05:00 PM, 2016, 10, 14, 17, 38.0, , , , , , , UG/M3, 1 Hr, Valid]"
"[Hyderabad, PM2.5 - Principal, 2016-10-14 06:00 PM, 2016, 10, 14, 18, 47.0, , , , , , , UG/M3, 1 Hr, Valid]"
"[Hyderabad, PM2.5 - Principal, 2016-10-14 07:00 PM, 2016, 10, 14, 19, 56.0, , , , , , , UG/M3, 1 Hr, Valid]"
"[Hyderabad, PM2.5 - Principal, 2016-10-14 08:00 PM, 2016, 10, 14, 20, 62.0, , , , , , , UG/M3, 1 Hr, Valid]"
"[Hyderabad, PM2.5 - Principal, 2016-10-14 09:00 PM, 2016, 10, 14, 21, 60.0, , , , , , , UG/M3, 1 Hr, Valid]"
"[Hyderabad, PM2.5 - Principal, 2016-10-14 10:00 PM, 2016, 10, 14, 22, 55.0, , , , , , , UG/M3, 1 Hr, Valid]"
"[Hyderabad, PM2.5 - Principal, 2016-10-14 11:00 PM, 2016, 10, 14, 23, 61.0, , , , , , , UG/M3, 1 Hr, Valid]"
"[Hyderabad, PM2.5 - Principal, 2016-10-15 12:00 AM, 2016, 10, 15, 00, 57.0, , , , , , , UG/M3, 1 Hr, Valid]"
"[Hyderabad, PM2.5 - Principal, 2016-10-15 01:00 AM, 2016, 10, 15, 01, 55.0, , , , , , , UG/M3, 1 Hr, Valid]"
"[Hyderabad, PM2.5 - Principal, 2016-10-15 02:00 AM, 2016, 10, 15, 02, 51.0, , , , , , , UG/M3, 1 Hr, Valid]"
"[Hyderabad, PM2.5 - Principal, 2016-10-15 03:00 AM, 2016, 10, 15, 03, 59.0, , , , , , , UG/M3, 1 Hr, Valid]"
"[Hyderabad, PM2.5 - Principal, 2016-10-15 04:00 AM, 2016, 10, 15, 04, 67.0, , , , , , , UG/M3, 1 Hr, Valid]"
"[Hyderabad, PM2.5 - Principal, 2016-10-15 05:00 AM, 2016, 10, 15, 05, 66.0, , , , , , , UG/M3, 1 Hr, Valid]"
"[Hyderabad, PM2.5 - Principal, 2016-10-15 06:00 AM, 2016, 10, 15, 06, 70.0, , , , , , , UG/M3, 1 Hr, Valid]"
"[Hyderabad, PM2.5 - Principal, 2016-10-15 07:00 AM, 2016, 10, 15, 07, 97.0, , , , , , , UG/M3, 1 Hr, Valid]"
"[Hyderabad, PM2.5 - Principal, 2016-10-15 08:00 AM, 2016, 10, 15, 08, 91.0, , , , , , , UG/M3, 1 Hr, Valid]"
"[Hyderabad, PM2.5 - Principal, 2016-10-15 09:00 AM, 2016, 10, 15, 09, 97.0, , , , , , , UG/M3, 1 Hr, Valid]"
"[Hyderabad, PM2.5 - Principal, 2016-10-15 10:00 AM, 2016, 10, 15, 10, 43.0, , , , , , , UG/M3, 1 Hr, Valid]"
"[Hyderabad, PM2.5 - Principal, 2016-10-15 11:00 AM, 2016, 10, 15, 11, 33.0, , , , , , , UG/M3, 1 Hr, Valid]"
"[Hyderabad, PM2.5 - Principal, 2016-10-15 12:00 PM, 2016, 10, 15, 12, 34.0, , , , , , , UG/M3, 1 Hr, Valid]"
"[Hyderabad, PM2.5 - Principal, 2016-10-15 01:00 PM, 2016, 10, 15, 13, 36.0, , , , , , , UG/M3, 1 Hr, Valid]"
"[Hyderabad, PM2.5 - Principal, 2016-10-15 02:00 PM, 2016, 10, 15, 14, 38.0, , , , , , , UG/M3, 1 Hr, Valid]"
"[Hyderabad, PM2.5 - Principal, 2016-10-15 03:00 PM, 2016, 10, 15, 15, 33.0, , , , , , , UG/M3, 1 Hr, Valid]"
"[Hyderabad, PM2.5 - Principal, 2016-10-15 04:00 PM, 2016, 10, 15, 16, 43.0, , , , , , , UG/M3, 1 Hr, Valid]"
"[Hyderabad, PM2.5 - Principal, 2016-10-15 05:00 PM, 2016, 10, 15, 17, 68.0, , , , , , , UG/M3, 1 Hr, Valid]"
"[Hyderabad, PM2.5 - Principal, 2016-10-15 06:00 PM, 2016, 10, 15, 18, 58.0, , , , , , , UG/M3, 1 Hr, Valid]"
"[Hyderabad, PM2.5 - Principal, 2016-10-15 07:00 PM, 2016, 10, 15, 19, 83.0, , , , , , , UG/M3, 1 Hr, Valid]"
"[Hyderabad, PM2.5 - Principal, 2016-10-15 08:00 PM, 2016, 10, 15, 20, 73.0, , , , , , , UG/M3, 1 Hr, Valid]"
"[Hyderabad, PM2.5 - Principal, 2016-10-15 09:00 PM, 2016, 10, 15, 21, 71.0, , , , , , , UG/M3, 1 Hr, Valid]"
"[Hyderabad, PM2.5 - Principal, 2016-10-15 10:00 PM, 2016, 10, 15, 22, 71.0, , , , , , , UG/M3, 1 Hr, Valid]"
"[Hyderabad, PM2.5 - Principal, 2016-10-15 11:00 PM, 2016, 10, 15, 23, 80.0, , , , , , , UG/M3, 1 Hr, Valid]"
"[Hyderabad, PM2.5 - Principal, 2016-10-16 12:00 AM, 2016, 10, 16, 00, 76.0, , , , , , , UG/M3, 1 Hr, Valid]"
"[Hyderabad, PM2.5 - Principal, 2016-10-16 01:00 AM, 2016, 10, 16, 01, 79.0, , , , , , , UG/M3, 1 Hr, Valid]"
"[Hyderabad, PM2.5 - Principal, 2016-10-16 02:00 AM, 2016, 10, 16, 02, 100.0, , , , , , , UG/M3, 1 Hr, Valid]"
"[Hyderabad, PM2.5 - Principal, 2016-10-16 03:00 AM, 2016, 10, 16, 03, 115.0, , , , , , , UG/M3, 1 Hr, Valid]"
"[Hyderabad, PM2.5 - Principal, 2016-10-16 04:00 AM, 2016, 10, 16, 04, 113.0, , , , , , , UG/M3, 1 Hr, Valid]"
"[Hyderabad, PM2.5 - Principal, 2016-10-16 05:00 AM, 2016, 10, 16, 05, 113.0, , , , , , , UG/M3, 1 Hr, Valid]"
"[Hyderabad, PM2.5 - Principal, 2016-10-16 06:00 AM, 2016, 10, 16, 06, 121.0, , , , , , , UG/M3, 1 Hr, Valid]"
"[Hyderabad, PM2.5 - Principal, 2016-10-16 07:00 AM, 2016, 10, 16, 07, 151.0, , , , , , , UG/M3, 1 Hr, Valid]"
"[Hyderabad, PM2.5 - Principal, 2016-10-16 08:00 AM, 2016, 10, 16, 08, 132.0, , , , , , , UG/M3, 1 Hr, Valid]"
"[Hyderabad, PM2.5 - Principal, 2016-10-16 09:00 AM, 2016, 10, 16, 09, 117.0, , , , , , , UG/M3, 1 Hr, Valid]"
"[Hyderabad, PM2.5 - Principal, 2016-10-16 10:00 AM, 2016, 10, 16, 10, 55.0, , , , , , , UG/M3, 1 Hr, Valid]"
"[Hyderabad, PM2.5 - Principal, 2016-10-16 11:00 AM, 2016, 10, 16, 11, 48.0, , , , , , , UG/M3, 1 Hr, Valid]"
"[Hyderabad, PM2.5 - Principal, 2016-10-16 12:00 PM, 2016, 10, 16, 12, 47.0, , , , , , , UG/M3, 1 Hr, Valid]"
"[Hyderabad, PM2.5 - Principal, 2016-10-16 01:00 PM, 2016, 10, 16, 13, 37.0, , , , , , , UG/M3, 1 Hr, Valid]"
"[Hyderabad, PM2.5 - Principal, 2016-10-16 02:00 PM, 2016, 10, 16, 14, 44.0, , , , , , , UG/M3, 1 Hr, Valid]"
"[Hyderabad, PM2.5 - Principal, 2016-10-16 03:00 PM, 2016, 10, 16, 15, 53.0, , , , , , , UG/M3, 1 Hr, Valid]"
"[Hyderabad, PM2.5 - Principal, 2016-10-16 04:00 PM, 2016, 10, 16, 16, 44.0, , , , , , , UG/M3, 1 Hr, Valid]"
"[Hyderabad, PM2.5 - Principal, 2016-10-16 05:00 PM, 2016, 10, 16, 17, 48.0, , , , , , , UG/M3, 1 Hr, Valid]"
"[Hyderabad, PM2.5 - Principal, 2016-10-16 06:00 PM, 2016, 10, 16, 18, 49.0, , , , , , , UG/M3, 1 Hr, Valid]"
"[Hyderabad, PM2.5 - Principal, 2016-10-16 07:00 PM, 2016, 10, 16, 19, 60.0, , , , , , , UG/M3, 1 Hr, Valid]"
"[Hyderabad, PM2.5 - Principal, 2016-10-16 08:00 PM, 2016, 10, 16, 20, 69.0, , , , , , , UG/M3, 1 Hr, Valid]"
"[Hyderabad, PM2.5 - Principal, 2016-10-16 09:00 PM, 2016, 10, 16, 21, 68.0, , , , , , , UG/M3, 1 Hr, Valid]"
"[Hyderabad, PM2.5 - Principal, 2016-10-16 10:00 PM, 2016, 10, 16, 22, 120.0, , , , , , , UG/M3, 1 Hr, Valid]"
"[Hyderabad, PM2.5 - Principal, 2016-10-16 11:00 PM, 2016, 10, 16, 23, 90.0, , , , , , , UG/M3, 1 Hr, Valid]"
"[Hyderabad, PM2.5 - Principal, 2016-10-17 12:00 AM, 2016, 10, 17, 00, 111.0, , , , , , , UG/M3, 1 Hr, Valid]"
"[Hyderabad, PM2.5 - Principal, 2016-10-17 01:00 AM, 2016, 10, 17, 01, 93.0, , , , , , , UG/M3, 1 Hr, Valid]"
"[Hyderabad, PM2.5 - Principal, 2016-10-17 02:00 AM, 2016, 10, 17, 02, 114.0, , , , , , , UG/M3, 1 Hr, Valid]"
"[Hyderabad, PM2.5 - Principal, 2016-10-17 03:00 AM, 2016, 10, 17, 03, 97.0, , , , , , , UG/M3, 1 Hr, Valid]"
"[Hyderabad, PM2.5 - Principal, 2016-10-17 04:00 AM, 2016, 10, 17, 04, 86.0, , , , , , , UG/M3, 1 Hr, Valid]"
"[Hyderabad, PM2.5 - Principal, 2016-10-17 05:00 AM, 2016, 10, 17, 05, 98.0, , , , , , , UG/M3, 1 Hr, Valid]"
"[Hyderabad, PM2.5 - Principal, 2016-10-17 06:00 AM, 2016, 10, 17, 06, 92.0, , , , , , , UG/M3, 1 Hr, Valid]"
"[Hyderabad, PM2.5 - Principal, 2016-10-17 07:00 AM, 2016, 10, 17, 07, 169.0, , , , , , , UG/M3, 1 Hr, Valid]"
"[Hyderabad, PM2.5 - Principal, 2016-10-17 08:00 AM, 2016, 10, 17, 08, 167.0, , , , , , , UG/M3, 1 Hr, Valid]"
"[Hyderabad, PM2.5 - Principal, 2016-10-17 09:00 AM, 2016, 10, 17, 09, 102.0, , , , , , , UG/M3, 1 Hr, Valid]"
"[Hyderabad, PM2.5 - Principal, 2016-10-17 10:00 AM, 2016, 10, 17, 10, 102.0, , , , , , , UG/M3, 1 Hr, Valid]"
"[Hyderabad, PM2.5 - Principal, 2016-10-17 11:00 AM, 2016, 10, 17, 11, 45.0, , , , , , , UG/M3, 1 Hr, Valid]"
"[Hyderabad, PM2.5 - Principal, 2016-10-17 12:00 PM, 2016, 10, 17, 12, 39.0, , , , , , , UG/M3, 1 Hr, Valid]"
