Site,Parameter,Date (LT),Year,Month,Day,Hour,NowCast Conc.,AQI,AQI Category,Raw Conc.,Conc. Unit,Duration,QC Name
Tashkent,O3,2021-02-01 01:00 AM,2021,02,01,01,8.0,7,Good,2.0,PPB,1 Hr,Valid
Tashkent,O3,2021-02-01 02:00 AM,2021,02,01,02,3.0,3,Good,1.0,PPB,1 Hr,Valid
Tashkent,O3,2021-02-01 03:00 AM,2021,02,01,03,4.0,4,Good,1.0,PPB,1 Hr,Valid
Tashkent,O3,2021-02-01 04:00 AM,2021,02,01,04,2.0,2,Good,1.0,PPB,1 Hr,Valid
Tashkent,O3,2021-02-01 05:00 AM,2021,02,01,05,5.0,5,Good,4.0,PPB,1 Hr,Valid
Tashkent,O3,2021-02-01 06:00 AM,2021,02,01,06,7.0,6,Good,12.0,PPB,1 Hr,Valid
Tashkent,O3,2021-02-01 07:00 AM,2021,02,01,07,9.0,8,Good,15.0,PPB,1 Hr,Valid
Tashkent,O3,2021-02-01 08:00 AM,2021,02,01,08,10.0,9,Good,10.0,PPB,1 Hr,Valid
Tashkent,O3,2021-02-01 09:00 AM,2021,02,01,09,9.0,8,Good,2.0,PPB,1 Hr,Valid
Tashkent,O3,2021-02-01 10:00 AM,2021,02,01,10,13.0,12,Good,3.0,PPB,1 Hr,Valid
Tashkent,O3,2021-02-01 11:00 AM,2021,02,01,11,13.0,12,Good,10.0,PPB,1 Hr,Valid
Tashkent,O3,2021-02-01 12:00 PM,2021,02,01,12,12.0,11,Good,17.0,PPB,1 Hr,Valid
Tashkent,O3,2021-02-01 01:00 PM,2021,02,01,13,14.0,13,Good,26.0,PPB,1 Hr,Valid
Tashkent,O3,2021-02-01 02:00 PM,2021,02,01,14,18.0,17,Good,29.0,PPB,1 Hr,Valid
Tashkent,O3,2021-02-01 03:00 PM,2021,02,01,15,22.0,20,Good,31.0,PPB,1 Hr,Valid
Tashkent,O3,2021-02-01 04:00 PM,2021,02,01,16,23.0,21,Good,29.0,PPB,1 Hr,Valid
Tashkent,O3,2021-02-01 05:00 PM,2021,02,01,17,20.0,19,Good,24.0,PPB,1 Hr,Valid
Tashkent,O3,2021-02-01 06:00 PM,2021,02,01,18,11.0,10,Good,3.0,PPB,1 Hr,Valid
Tashkent,O3,2021-02-01 07:00 PM,2021,02,01,19,5.0,5,Good,0.0,PPB,1 Hr,Valid
Tashkent,O3,2021-02-01 08:00 PM,2021,02,01,20,4.0,4,Good,1.0,PPB,1 Hr,Valid
Tashkent,O3,2021-02-01 09:00 PM,2021,02,01,21,3.0,3,Good,1.0,PPB,1 Hr,Valid
Tashkent,O3,2021-02-01 10:00 PM,2021,02,01,22,1.0,1,Good,1.0,PPB,1 Hr,Valid
Tashkent,O3,2021-02-01 11:00 PM,2021,02,01,23,4.0,4,Good,0.0,PPB,1 Hr,Valid
Tashkent,O3,2021-02-02 12:00 AM,2021,02,02,00,8.0,7,Good,4.0,PPB,1 Hr,Valid
Tashkent,O3,2021-02-02 01:00 AM,2021,02,02,01,6.0,6,Good,4.0,PPB,1 Hr,Valid
Tashkent,O3,2021-02-02 02:00 AM,2021,02,02,02,3.0,3,Good,1.0,PPB,1 Hr,Valid
Tashkent,O3,2021-02-02 03:00 AM,2021,02,02,03,7.0,6,Good,8.0,PPB,1 Hr,Valid
Tashkent,O3,2021-02-02 04:00 AM,2021,02,02,04,5.0,5,Good,6.0,PPB,1 Hr,Valid
Tashkent,O3,2021-02-02 05:00 AM,2021,02,02,05,6.0,6,Good,3.0,PPB,1 Hr,Valid
Tashkent,O3,2021-02-02 06:00 AM,2021,02,02,06,2.0,2,Good,1.0,PPB,1 Hr,Valid
Tashkent,O3,2021-02-02 07:00 AM,2021,02,02,07,1.0,1,Good,1.0,PPB,1 Hr,Valid
Tashkent,O3,2021-02-02 08:00 AM,2021,02,02,08,4.0,4,Good,2.0,PPB,1 Hr,Valid
Tashkent,O3,2021-02-02 09:00 AM,2021,02,02,09,10.0,9,Good,10.0,PPB,1 Hr,Valid
Tashkent,O3,2021-02-02 10:00 AM,2021,02,02,10,17.0,16,Good,26.0,PPB,1 Hr,Valid
Tashkent,O3,2021-02-02 11:00 AM,2021,02,02,11,17.0,16,Good,25.0,PPB,1 Hr,Valid
Tashkent,O3,2021-02-02 12:00 PM,2021,02,02,12,19.0,18,Good,15.0,PPB,1 Hr,Valid
Tashkent,O3,2021-02-02 01:00 PM,2021,02,02,13,22.0,20,Good,23.0,PPB,1 Hr,Valid
Tashkent,O3,2021-02-02 02:00 PM,2021,02,02,14,21.0,19,Good,21.0,PPB,1 Hr,Valid
Tashkent,O3,2021-02-02 03:00 PM,2021,02,02,15,13.0,12,Good,10.0,PPB,1 Hr,Valid
Tashkent,O3,2021-02-02 04:00 PM,2021,02,02,16,6.0,6,Good,6.0,PPB,1 Hr,Valid
Tashkent,O3,2021-02-02 05:00 PM,2021,02,02,17,4.0,4,Good,3.0,PPB,1 Hr,Valid
Tashkent,O3,2021-02-02 06:00 PM,2021,02,02,18,4.0,4,Good,1.0,PPB,1 Hr,Valid
Tashkent,O3,2021-02-02 07:00 PM,2021,02,02,19,0.0,0,Good,1.0,PPB,1 Hr,Valid
Tashkent,O3,2021-02-02 08:00 PM,2021,02,02,20,0.0,0,Good,1.0,PPB,1 Hr,Valid
Tashkent,O3,2021-02-02 09:00 PM,2021,02,02,21,3.0,3,Good,0.0,PPB,1 Hr,Valid
Tashkent,O3,2021-02-02 10:00 PM,2021,02,02,22,4.0,4,Good,1.0,PPB,1 Hr,Valid
Tashkent,O3,2021-02-02 11:00 PM,2021,02,02,23,3.0,3,Good,1.0,PPB,1 Hr,Valid
Tashkent,O3,2021-02-03 12:00 AM,2021,02,03,00,0.0,0,Good,1.0,PPB,1 Hr,Valid
Tashkent,O3,2021-02-03 01:00 AM,2021,02,03,01,3.0,3,Good,1.0,PPB,1 Hr,Valid
Tashkent,O3,2021-02-03 02:00 AM,2021,02,03,02,3.0,3,Good,1.0,PPB,1 Hr,Valid
Tashkent,O3,2021-02-03 03:00 AM,2021,02,03,03,1.0,1,Good,1.0,PPB,1 Hr,Valid
Tashkent,O3,2021-02-03 04:00 AM,2021,02,03,04,1.0,1,Good,1.0,PPB,1 Hr,Valid
Tashkent,O3,2021-02-03 05:00 AM,2021,02,03,05,3.0,3,Good,1.0,PPB,1 Hr,Valid
Tashkent,O3,2021-02-03 06:00 AM,2021,02,03,06,0.0,0,Good,1.0,PPB,1 Hr,Valid
Tashkent,O3,2021-02-03 07:00 AM,2021,02,03,07,0.0,0,Good,2.0,PPB,1 Hr,Valid
Tashkent,O3,2021-02-03 08:00 AM,2021,02,03,08,1.0,1,Good,1.0,PPB,1 Hr,Valid
Tashkent,O3,2021-02-03 09:00 AM,2021,02,03,09,3.0,3,Good,1.0,PPB,1 Hr,Valid
Tashkent,O3,2021-02-03 10:00 AM,2021,02,03,10,5.0,5,Good,3.0,PPB,1 Hr,Valid
Tashkent,O3,2021-02-03 11:00 AM,2021,02,03,11,8.0,7,Good,9.0,PPB,1 Hr,Valid
Tashkent,O3,2021-02-03 12:00 PM,2021,02,03,12,9.0,8,Good,11.0,PPB,1 Hr,Valid
Tashkent,O3,2021-02-03 01:00 PM,2021,02,03,13,10.0,9,Good,11.0,PPB,1 Hr,Valid
Tashkent,O3,2021-02-03 02:00 PM,2021,02,03,14,11.0,10,Good,16.0,PPB,1 Hr,Valid
Tashkent,O3,2021-02-03 03:00 PM,2021,02,03,15,15.0,14,Good,25.0,PPB,1 Hr,Valid
Tashkent,O3,2021-02-03 04:00 PM,2021,02,03,16,15.0,14,Good,33.0,PPB,1 Hr,Valid
Tashkent,O3,2021-02-03 05:00 PM,2021,02,03,17,20.0,19,Good,30.0,PPB,1 Hr,Valid
Tashkent,O3,2021-02-03 06:00 PM,2021,02,03,18,17.0,16,Good,18.0,PPB,1 Hr,Valid
Tashkent,O3,2021-02-03 07:00 PM,2021,02,03,19,14.0,13,Good,1.0,PPB,1 Hr,Valid
Tashkent,O3,2021-02-03 08:00 PM,2021,02,03,20,12.0,11,Good,1.0,PPB,1 Hr,Valid
Tashkent,O3,2021-02-03 09:00 PM,2021,02,03,21,10.0,9,Good,1.0,PPB,1 Hr,Valid
Tashkent,O3,2021-02-03 10:00 PM,2021,02,03,22,7.0,6,Good,1.0,PPB,1 Hr,Valid
Tashkent,O3,2021-02-03 11:00 PM,2021,02,03,23,2.0,2,Good,0.0,PPB,1 Hr,Valid
Tashkent,O3,2021-02-04 12:00 AM,2021,02,04,00,0.0,0,Good,1.0,PPB,1 Hr,Valid
Tashkent,O3,2021-02-04 01:00 AM,2021,02,04,01,0.0,0,Good,1.0,PPB,1 Hr,Valid
Tashkent,O3,2021-02-04 02:00 AM,2021,02,04,02,0.0,0,Good,2.0,PPB,1 Hr,Valid
Tashkent,O3,2021-02-04 03:00 AM,2021,02,04,03,6.0,6,Good,8.0,PPB,1 Hr,Valid
Tashkent,O3,2021-02-04 04:00 AM,2021,02,04,04,9.0,8,Good,7.0,PPB,1 Hr,Valid
Tashkent,O3,2021-02-04 05:00 AM,2021,02,04,05,4.0,4,Good,4.0,PPB,1 Hr,Valid
Tashkent,O3,2021-02-04 06:00 AM,2021,02,04,06,4.0,4,Good,2.0,PPB,1 Hr,Valid
Tashkent,O3,2021-02-04 07:00 AM,2021,02,04,07,4.0,4,Good,2.0,PPB,1 Hr,Valid
Tashkent,O3,2021-02-04 08:00 AM,2021,02,04,08,4.0,4,Good,2.0,PPB,1 Hr,Valid
Tashkent,O3,2021-02-04 09:00 AM,2021,02,04,09,5.0,5,Good,2.0,PPB,1 Hr,Valid
Tashkent,O3,2021-02-04 10:00 AM,2021,02,04,10,7.0,6,Good,4.0,PPB,1 Hr,Valid
Tashkent,O3,2021-02-04 11:00 AM,2021,02,04,11,14.0,13,Good,10.0,PPB,1 Hr,Valid
Tashkent,O3,2021-02-04 12:00 PM,2021,02,04,12,14.0,13,Good,13.0,PPB,1 Hr,Valid
Tashkent,O3,2021-02-04 01:00 PM,2021,02,04,13,16.0,15,Good,25.0,PPB,1 Hr,Valid
Tashkent,O3,2021-02-04 02:00 PM,2021,02,04,14,15.0,14,Good,31.0,PPB,1 Hr,Valid
Tashkent,O3,2021-02-04 03:00 PM,2021,02,04,15,21.0,19,Good,34.0,PPB,1 Hr,Valid
Tashkent,O3,2021-02-04 04:00 PM,2021,02,04,16,27.0,25,Good,39.0,PPB,1 Hr,Valid
Tashkent,O3,2021-02-04 05:00 PM,2021,02,04,17,26.0,24,Good,34.0,PPB,1 Hr,Valid
Tashkent,O3,2021-02-04 06:00 PM,2021,02,04,18,25.0,23,Good,23.0,PPB,1 Hr,Valid
Tashkent,O3,2021-02-04 07:00 PM,2021,02,04,19,18.0,17,Good,3.0,PPB,1 Hr,Valid
Tashkent,O3,2021-02-04 08:00 PM,2021,02,04,20,15.0,14,Good,1.0,PPB,1 Hr,Valid
Tashkent,O3,2021-02-04 09:00 PM,2021,02,04,21,8.0,7,Good,1.0,PPB,1 Hr,Valid
Tashkent,O3,2021-02-04 10:00 PM,2021,02,04,22,3.0,3,Good,1.0,PPB,1 Hr,Valid
Tashkent,O3,2021-02-04 11:00 PM,2021,02,04,23,2.0,2,Good,1.0,PPB,1 Hr,Valid
Tashkent,O3,2021-02-05 12:00 AM,2021,02,05,00,3.0,3,Good,1.0,PPB,1 Hr,Valid
Tashkent,O3,2021-02-05 01:00 AM,2021,02,05,01,3.0,3,Good,1.0,PPB,1 Hr,Valid
Tashkent,O3,2021-02-05 02:00 AM,2021,02,05,02,1.0,1,Good,1.0,PPB,1 Hr,Valid
Tashkent,O3,2021-02-05 03:00 AM,2021,02,05,03,0.0,0,Good,3.0,PPB,1 Hr,Valid
Tashkent,O3,2021-02-05 04:00 AM,2021,02,05,04,5.0,5,Good,7.0,PPB,1 Hr,Valid
Tashkent,O3,2021-02-05 05:00 AM,2021,02,05,05,11.0,10,Good,22.0,PPB,1 Hr,Valid
Tashkent,O3,2021-02-05 06:00 AM,2021,02,05,06,13.0,12,Good,24.0,PPB,1 Hr,Valid
Tashkent,O3,2021-02-05 07:00 AM,2021,02,05,07,14.0,13,Good,22.0,PPB,1 Hr,Valid
Tashkent,O3,2021-02-05 08:00 AM,2021,02,05,08,16.0,15,Good,12.0,PPB,1 Hr,Valid
Tashkent,O3,2021-02-05 09:00 AM,2021,02,05,09,19.0,18,Good,8.0,PPB,1 Hr,Valid
Tashkent,O3,2021-02-05 10:00 AM,2021,02,05,10,20.0,19,Good,17.0,PPB,1 Hr,Valid
Tashkent,O3,2021-02-05 11:00 AM,2021,02,05,11,19.0,18,Good,21.0,PPB,1 Hr,Valid
Tashkent,O3,2021-02-05 12:00 PM,2021,02,05,12,20.0,19,Good,24.0,PPB,1 Hr,Valid
Tashkent,O3,2021-02-05 01:00 PM,2021,02,05,13,21.0,19,Good,22.0,PPB,1 Hr,Valid
Tashkent,O3,2021-02-05 02:00 PM,2021,02,05,14,19.0,18,Good,15.0,PPB,1 Hr,Valid
Tashkent,O3,2021-02-05 03:00 PM,2021,02,05,15,17.0,16,Good,14.0,PPB,1 Hr,Valid
Tashkent,O3,2021-02-05 04:00 PM,2021,02,05,16,13.0,12,Good,10.0,PPB,1 Hr,Valid
Tashkent,O3,2021-02-05 05:00 PM,2021,02,05,17,13.0,12,Good,11.0,PPB,1 Hr,Valid
Tashkent,O3,2021-02-05 06:00 PM,2021,02,05,18,6.0,6,Good,2.0,PPB,1 Hr,Valid
Tashkent,O3,2021-02-05 07:00 PM,2021,02,05,19,4.0,4,Good,1.0,PPB,1 Hr,Valid
Tashkent,O3,2021-02-05 08:00 PM,2021,02,05,20,3.0,3,Good,2.0,PPB,1 Hr,Valid
Tashkent,O3,2021-02-05 09:00 PM,2021,02,05,21,5.0,5,Good,1.0,PPB,1 Hr,Valid
Tashkent,O3,2021-02-05 10:00 PM,2021,02,05,22,12.0,11,Good,17.0,PPB,1 Hr,Valid
Tashkent,O3,2021-02-05 11:00 PM,2021,02,05,23,10.0,9,Good,17.0,PPB,1 Hr,Valid
Tashkent,O3,2021-02-06 12:00 AM,2021,02,06,00,15.0,14,Good,23.0,PPB,1 Hr,Valid
Tashkent,O3,2021-02-06 01:00 AM,2021,02,06,01,22.0,20,Good,30.0,PPB,1 Hr,Valid
Tashkent,O3,2021-02-06 02:00 AM,2021,02,06,02,27.0,25,Good,31.0,PPB,1 Hr,Valid
Tashkent,O3,2021-02-06 03:00 AM,2021,02,06,03,26.0,24,Good,33.0,PPB,1 Hr,Valid
Tashkent,O3,2021-02-06 04:00 AM,2021,02,06,04,26.0,24,Good,34.0,PPB,1 Hr,Valid
Tashkent,O3,2021-02-06 05:00 AM,2021,02,06,05,28.0,26,Good,34.0,PPB,1 Hr,Valid
Tashkent,O3,2021-02-06 06:00 AM,2021,02,06,06,29.0,27,Good,33.0,PPB,1 Hr,Valid
Tashkent,O3,2021-02-06 07:00 AM,2021,02,06,07,28.0,26,Good,30.0,PPB,1 Hr,Valid
Tashkent,O3,2021-02-06 08:00 AM,2021,02,06,08,25.0,23,Good,24.0,PPB,1 Hr,Valid
Tashkent,O3,2021-02-06 09:00 AM,2021,02,06,09,19.0,18,Good,14.0,PPB,1 Hr,Valid
Tashkent,O3,2021-02-06 10:00 AM,2021,02,06,10,16.0,15,Good,8.0,PPB,1 Hr,Valid
Tashkent,O3,2021-02-06 11:00 AM,2021,02,06,11,16.0,15,Good,12.0,PPB,1 Hr,Valid
Tashkent,O3,2021-02-06 12:00 PM,2021,02,06,12,14.0,13,Good,19.0,PPB,1 Hr,Valid
Tashkent,O3,2021-02-06 01:00 PM,2021,02,06,13,17.0,16,Good,28.0,PPB,1 Hr,Valid
Tashkent,O3,2021-02-06 02:00 PM,2021,02,06,14,18.0,17,Good,25.0,PPB,1 Hr,Valid
Tashkent,O3,2021-02-06 03:00 PM,2021,02,06,15,21.0,19,Good,20.0,PPB,1 Hr,Valid
Tashkent,O3,2021-02-06 04:00 PM,2021,02,06,16,19.0,18,Good,11.0,PPB,1 Hr,Valid
Tashkent,O3,2021-02-06 05:00 PM,2021,02,06,17,12.0,11,Good,3.0,PPB,1 Hr,Valid
Tashkent,O3,2021-02-06 06:00 PM,2021,02,06,18,7.0,6,Good,2.0,PPB,1 Hr,Valid
Tashkent,O3,2021-02-06 07:00 PM,2021,02,06,19,4.0,4,Good,2.0,PPB,1 Hr,Valid
Tashkent,O3,2021-02-06 08:00 PM,2021,02,06,20,4.0,4,Good,2.0,PPB,1 Hr,Valid
Tashkent,O3,2021-02-06 09:00 PM,2021,02,06,21,4.0,4,Good,1.0,PPB,1 Hr,Valid
Tashkent,O3,2021-02-06 10:00 PM,2021,02,06,22,8.0,7,Good,2.0,PPB,1 Hr,Valid
Tashkent,O3,2021-02-06 11:00 PM,2021,02,06,23,12.0,11,Good,7.0,PPB,1 Hr,Valid
Tashkent,O3,2021-02-07 12:00 AM,2021,02,07,00,9.0,8,Good,9.0,PPB,1 Hr,Valid
Tashkent,O3,2021-02-07 01:00 AM,2021,02,07,01,5.0,5,Good,5.0,PPB,1 Hr,Valid
Tashkent,O3,2021-02-07 02:00 AM,2021,02,07,02,2.0,2,Good,0.0,PPB,1 Hr,Valid
Tashkent,O3,2021-02-07 03:00 AM,2021,02,07,03,5.0,5,Good,1.0,PPB,1 Hr,Valid
Tashkent,O3,2021-02-07 04:00 AM,2021,02,07,04,5.0,5,Good,0.0,PPB,1 Hr,Valid
Tashkent,O3,2021-02-07 05:00 AM,2021,02,07,05,5.0,5,Good,2.0,PPB,1 Hr,Valid
Tashkent,O3,2021-02-07 06:00 AM,2021,02,07,06,4.0,4,Good,5.0,PPB,1 Hr,Valid
Tashkent,O3,2021-02-07 07:00 AM,2021,02,07,07,5.0,5,Good,5.0,PPB,1 Hr,Valid
Tashkent,O3,2021-02-07 08:00 AM,2021,02,07,08,7.0,6,Good,5.0,PPB,1 Hr,Valid
Tashkent,O3,2021-02-07 09:00 AM,2021,02,07,09,8.0,7,Good,5.0,PPB,1 Hr,Valid
Tashkent,O3,2021-02-07 10:00 AM,2021,02,07,10,8.0,7,Good,3.0,PPB,1 Hr,Valid
Tashkent,O3,2021-02-07 11:00 AM,2021,02,07,11,10.0,9,Good,2.0,PPB,1 Hr,Valid
Tashkent,O3,2021-02-07 12:00 PM,2021,02,07,12,9.0,8,Good,1.0,PPB,1 Hr,Valid
Tashkent,O3,2021-02-07 01:00 PM,2021,02,07,13,9.0,8,Good,4.0,PPB,1 Hr,Valid
Tashkent,O3,2021-02-07 02:00 PM,2021,02,07,14,7.0,6,Good,8.0,PPB,1 Hr,Valid
Tashkent,O3,2021-02-07 03:00 PM,2021,02,07,15,5.0,5,Good,8.0,PPB,1 Hr,Valid
Tashkent,O3,2021-02-07 04:00 PM,2021,02,07,16,6.0,6,Good,9.0,PPB,1 Hr,Valid
Tashkent,O3,2021-02-07 05:00 PM,2021,02,07,17,7.0,6,Good,13.0,PPB,1 Hr,Valid
Tashkent,O3,2021-02-07 06:00 PM,2021,02,07,18,7.0,6,Good,9.0,PPB,1 Hr,Valid
Tashkent,O3,2021-02-07 07:00 PM,2021,02,07,19,10.0,9,Good,12.0,PPB,1 Hr,Valid
Tashkent,O3,2021-02-07 08:00 PM,2021,02,07,20,4.0,4,Good,1.0,PPB,1 Hr,Valid
Tashkent,O3,2021-02-07 09:00 PM,2021,02,07,21,3.0,3,Good,1.0,PPB,1 Hr,Valid
Tashkent,O3,2021-02-07 10:00 PM,2021,02,07,22,4.0,4,Good,3.0,PPB,1 Hr,Valid
Tashkent,O3,2021-02-07 11:00 PM,2021,02,07,23,6.0,6,Good,5.0,PPB,1 Hr,Valid
Tashkent,O3,2021-02-08 12:00 AM,2021,02,08,00,14.0,13,Good,21.0,PPB,1 Hr,Valid
Tashkent,O3,2021-02-08 01:00 AM,2021,02,08,01,21.0,19,Good,32.0,PPB,1 Hr,Valid
Tashkent,O3,2021-02-08 02:00 AM,2021,02,08,02,24.0,22,Good,34.0,PPB,1 Hr,Valid
Tashkent,O3,2021-02-08 03:00 AM,2021,02,08,03,28.0,26,Good,33.0,PPB,1 Hr,Valid
Tashkent,O3,2021-02-08 04:00 AM,2021,02,08,04,30.0,28,Good,28.0,PPB,1 Hr,Valid
Tashkent,O3,2021-02-08 05:00 AM,2021,02,08,05,28.0,26,Good,23.0,PPB,1 Hr,Valid
Tashkent,O3,2021-02-08 06:00 AM,2021,02,08,06,16.0,15,Good,7.0,PPB,1 Hr,Valid
Tashkent,O3,2021-02-08 07:00 AM,2021,02,08,07,11.0,10,Good,2.0,PPB,1 Hr,Valid
Tashkent,O3,2021-02-08 08:00 AM,2021,02,08,08,5.0,5,Good,1.0,PPB,1 Hr,Valid
Tashkent,O3,2021-02-08 09:00 AM,2021,02,08,09,6.0,6,Good,2.0,PPB,1 Hr,Valid
Tashkent,O3,2021-02-08 10:00 AM,2021,02,08,10,5.0,5,Good,4.0,PPB,1 Hr,Valid
Tashkent,O3,2021-02-08 11:00 AM,2021,02,08,11,4.0,4,Good,4.0,PPB,1 Hr,Valid
Tashkent,O3,2021-02-08 12:00 PM,2021,02,08,12,3.0,3,Good,4.0,PPB,1 Hr,Valid
Tashkent,O3,2021-02-08 01:00 PM,2021,02,08,13,4.0,4,Good,3.0,PPB,1 Hr,Valid
Tashkent,O3,2021-02-08 02:00 PM,2021,02,08,14,5.0,5,Good,12.0,PPB,1 Hr,Valid
Tashkent,O3,2021-02-08 03:00 PM,2021,02,08,15,5.0,5,Good,14.0,PPB,1 Hr,Valid
Tashkent,O3,2021-02-08 04:00 PM,2021,02,08,16,9.0,8,Good,17.0,PPB,1 Hr,Valid
Tashkent,O3,2021-02-08 05:00 PM,2021,02,08,17,16.0,15,Good,21.0,PPB,1 Hr,Valid
Tashkent,O3,2021-02-08 06:00 PM,2021,02,08,18,15.0,14,Good,10.0,PPB,1 Hr,Valid
Tashkent,O3,2021-02-08 07:00 PM,2021,02,08,19,10.0,9,Good,1.0,PPB,1 Hr,Valid
Tashkent,O3,2021-02-08 08:00 PM,2021,02,08,20,10.0,9,Good,1.0,PPB,1 Hr,Valid
Tashkent,O3,2021-02-08 09:00 PM,2021,02,08,21,9.0,8,Good,4.0,PPB,1 Hr,Valid
Tashkent,O3,2021-02-08 10:00 PM,2021,02,08,22,4.0,4,Good,3.0,PPB,1 Hr,Valid
Tashkent,O3,2021-02-08 11:00 PM,2021,02,08,23,4.0,4,Good,3.0,PPB,1 Hr,Valid
Tashkent,O3,2021-02-09 12:00 AM,2021,02,09,00,3.0,3,Good,1.0,PPB,1 Hr,Valid
Tashkent,O3,2021-02-09 01:00 AM,2021,02,09,01,4.0,4,Good,2.0,PPB,1 Hr,Valid
Tashkent,O3,2021-02-09 02:00 AM,2021,02,09,02,7.0,6,Good,10.0,PPB,1 Hr,Valid
Tashkent,O3,2021-02-09 03:00 AM,2021,02,09,03,5.0,5,Good,10.0,PPB,1 Hr,Valid
Tashkent,O3,2021-02-09 04:00 AM,2021,02,09,04,3.0,3,Good,4.0,PPB,1 Hr,Valid
Tashkent,O3,2021-02-09 05:00 AM,2021,02,09,05,3.0,3,Good,1.0,PPB,1 Hr,Valid
Tashkent,O3,2021-02-09 06:00 AM,2021,02,09,06,6.0,6,Good,7.0,PPB,1 Hr,Valid
Tashkent,O3,2021-02-09 07:00 AM,2021,02,09,07,4.0,4,Good,5.0,PPB,1 Hr,Valid
Tashkent,O3,2021-02-09 08:00 AM,2021,02,09,08,4.0,4,Good,1.0,PPB,1 Hr,Valid
Tashkent,O3,2021-02-09 09:00 AM,2021,02,09,09,4.0,4,Good,1.0,PPB,1 Hr,Valid
Tashkent,O3,2021-02-09 10:00 AM,2021,02,09,10,5.0,5,Good,2.0,PPB,1 Hr,Valid
Tashkent,O3,2021-02-09 11:00 AM,2021,02,09,11,8.0,7,Good,8.0,PPB,1 Hr,Valid
Tashkent,O3,2021-02-09 12:00 PM,2021,02,09,12,8.0,7,Good,10.0,PPB,1 Hr,Valid
Tashkent,O3,2021-02-09 01:00 PM,2021,02,09,13,8.0,7,Good,5.0,PPB,1 Hr,Valid
Tashkent,O3,2021-02-09 02:00 PM,2021,02,09,14,6.0,6,Good,5.0,PPB,1 Hr,Valid
Tashkent,O3,2021-02-09 03:00 PM,2021,02,09,15,7.0,6,Good,8.0,PPB,1 Hr,Valid
Tashkent,O3,2021-02-09 04:00 PM,2021,02,09,16,5.0,5,Good,11.0,PPB,1 Hr,Valid
Tashkent,O3,2021-02-09 05:00 PM,2021,02,09,17,3.0,3,Good,4.0,PPB,1 Hr,Valid
Tashkent,O3,2021-02-09 06:00 PM,2021,02,09,18,3.0,3,Good,1.0,PPB,1 Hr,Valid
Tashkent,O3,2021-02-09 07:00 PM,2021,02,09,19,6.0,6,Good,1.0,PPB,1 Hr,Valid
Tashkent,O3,2021-02-09 08:00 PM,2021,02,09,20,5.0,5,Good,1.0,PPB,1 Hr,Valid
Tashkent,O3,2021-02-09 09:00 PM,2021,02,09,21,2.0,2,Good,1.0,PPB,1 Hr,Valid
Tashkent,O3,2021-02-09 10:00 PM,2021,02,09,22,2.0,2,Good,1.0,PPB,1 Hr,Valid
Tashkent,O3,2021-02-09 11:00 PM,2021,02,09,23,3.0,3,Good,1.0,PPB,1 Hr,Valid
Tashkent,O3,2021-02-10 12:00 AM,2021,02,10,00,4.0,4,Good,1.0,PPB,1 Hr,Valid
Tashkent,O3,2021-02-10 01:00 AM,2021,02,10,01,5.0,5,Good,1.0,PPB,1 Hr,Valid
Tashkent,O3,2021-02-10 02:00 AM,2021,02,10,02,5.0,5,Good,1.0,PPB,1 Hr,Valid
Tashkent,O3,2021-02-10 03:00 AM,2021,02,10,03,6.0,6,Good,1.0,PPB,1 Hr,Valid
Tashkent,O3,2021-02-10 04:00 AM,2021,02,10,04,3.0,3,Good,1.0,PPB,1 Hr,Valid
Tashkent,O3,2021-02-10 05:00 AM,2021,02,10,05,3.0,3,Good,1.0,PPB,1 Hr,Valid
Tashkent,O3,2021-02-10 06:00 AM,2021,02,10,06,3.0,3,Good,1.0,PPB,1 Hr,Valid
Tashkent,O3,2021-02-10 07:00 AM,2021,02,10,07,3.0,3,Good,2.0,PPB,1 Hr,Valid
Tashkent,O3,2021-02-10 08:00 AM,2021,02,10,08,2.0,2,Good,1.0,PPB,1 Hr,Valid
Tashkent,O3,2021-02-10 09:00 AM,2021,02,10,09,5.0,5,Good,1.0,PPB,1 Hr,Valid
Tashkent,O3,2021-02-10 10:00 AM,2021,02,10,10,6.0,6,Good,2.0,PPB,1 Hr,Valid
Tashkent,O3,2021-02-10 11:00 AM,2021,02,10,11,8.0,7,Good,6.0,PPB,1 Hr,Valid
Tashkent,O3,2021-02-10 12:00 PM,2021,02,10,12,11.0,10,Good,13.0,PPB,1 Hr,Valid
Tashkent,O3,2021-02-10 01:00 PM,2021,02,10,13,15.0,14,Good,21.0,PPB,1 Hr,Valid
Tashkent,O3,2021-02-10 02:00 PM,2021,02,10,14,18.0,17,Good,27.0,PPB,1 Hr,Valid
Tashkent,O3,2021-02-10 03:00 PM,2021,02,10,15,23.0,21,Good,30.0,PPB,1 Hr,Valid
Tashkent,O3,2021-02-10 04:00 PM,2021,02,10,16,20.0,19,Good,23.0,PPB,1 Hr,Valid
Tashkent,O3,2021-02-10 05:00 PM,2021,02,10,17,15.0,14,Good,10.0,PPB,1 Hr,Valid
Tashkent,O3,2021-02-10 06:00 PM,2021,02,10,18,14.0,13,Good,3.0,PPB,1 Hr,Valid
Tashkent,O3,2021-02-10 07:00 PM,2021,02,10,19,18.0,17,Good,11.0,PPB,1 Hr,Valid
Tashkent,O3,2021-02-10 08:00 PM,2021,02,10,20,15.0,14,Good,16.0,PPB,1 Hr,Valid
Tashkent,O3,2021-02-10 09:00 PM,2021,02,10,21,5.0,5,Good,3.0,PPB,1 Hr,Valid
Tashkent,O3,2021-02-10 10:00 PM,2021,02,10,22,10.0,9,Good,2.0,PPB,1 Hr,Valid
Tashkent,O3,2021-02-10 11:00 PM,2021,02,10,23,8.0,7,Good,1.0,PPB,1 Hr,Valid
Tashkent,O3,2021-02-11 12:00 AM,2021,02,11,00,6.0,6,Good,3.0,PPB,1 Hr,Valid
Tashkent,O3,2021-02-11 01:00 AM,2021,02,11,01,6.0,6,Good,10.0,PPB,1 Hr,Valid
Tashkent,O3,2021-02-11 02:00 AM,2021,02,11,02,11.0,10,Good,15.0,PPB,1 Hr,Valid
Tashkent,O3,2021-02-11 03:00 AM,2021,02,11,03,13.0,12,Good,15.0,PPB,1 Hr,Valid
Tashkent,O3,2021-02-11 04:00 AM,2021,02,11,04,12.0,11,Good,15.0,PPB,1 Hr,Valid
Tashkent,O3,2021-02-11 05:00 AM,2021,02,11,05,12.0,11,Good,18.0,PPB,1 Hr,Valid
Tashkent,O3,2021-02-11 06:00 AM,2021,02,11,06,19.0,18,Good,22.0,PPB,1 Hr,Valid
Tashkent,O3,2021-02-11 07:00 AM,2021,02,11,07,19.0,18,Good,17.0,PPB,1 Hr,Valid
Tashkent,O3,2021-02-11 08:00 AM,2021,02,11,08,12.0,11,Good,8.0,PPB,1 Hr,Valid
Tashkent,O3,2021-02-11 09:00 AM,2021,02,11,09,8.0,7,Good,3.0,PPB,1 Hr,Valid
Tashkent,O3,2021-02-11 10:00 AM,2021,02,11,10,11.0,10,Good,3.0,PPB,1 Hr,Valid
Tashkent,O3,2021-02-11 11:00 AM,2021,02,11,11,12.0,11,Good,10.0,PPB,1 Hr,Valid
Tashkent,O3,2021-02-11 12:00 PM,2021,02,11,12,12.0,11,Good,15.0,PPB,1 Hr,Valid
Tashkent,O3,2021-02-11 01:00 PM,2021,02,11,13,13.0,12,Good,19.0,PPB,1 Hr,Valid
Tashkent,O3,2021-02-11 02:00 PM,2021,02,11,14,16.0,15,Good,22.0,PPB,1 Hr,Valid
Tashkent,O3,2021-02-11 03:00 PM,2021,02,11,15,17.0,16,Good,21.0,PPB,1 Hr,Valid
Tashkent,O3,2021-02-11 04:00 PM,2021,02,11,16,18.0,17,Good,23.0,PPB,1 Hr,Valid
Tashkent,O3,2021-02-11 05:00 PM,2021,02,11,17,15.0,14,Good,18.0,PPB,1 Hr,Valid
Tashkent,O3,2021-02-11 06:00 PM,2021,02,11,18,11.0,10,Good,7.0,PPB,1 Hr,Valid
Tashkent,O3,2021-02-11 07:00 PM,2021,02,11,19,10.0,9,Good,2.0,PPB,1 Hr,Valid
Tashkent,O3,2021-02-11 08:00 PM,2021,02,11,20,7.0,6,Good,1.0,PPB,1 Hr,Valid
Tashkent,O3,2021-02-11 09:00 PM,2021,02,11,21,5.0,5,Good,1.0,PPB,1 Hr,Valid
Tashkent,O3,2021-02-11 10:00 PM,2021,02,11,22,5.0,5,Good,1.0,PPB,1 Hr,Valid
Tashkent,O3,2021-02-11 11:00 PM,2021,02,11,23,3.0,3,Good,1.0,PPB,1 Hr,Valid
Tashkent,O3,2021-02-12 12:00 AM,2021,02,12,00,3.0,3,Good,1.0,PPB,1 Hr,Valid
Tashkent,O3,2021-02-12 01:00 AM,2021,02,12,01,5.0,5,Good,1.0,PPB,1 Hr,Valid
Tashkent,O3,2021-02-12 02:00 AM,2021,02,12,02,5.0,5,Good,7.0,PPB,1 Hr,Valid
Tashkent,O3,2021-02-12 03:00 AM,2021,02,12,03,8.0,7,Good,12.0,PPB,1 Hr,Valid
Tashkent,O3,2021-02-12 04:00 AM,2021,02,12,04,15.0,14,Good,26.0,PPB,1 Hr,Valid
Tashkent,O3,2021-02-12 05:00 AM,2021,02,12,05,9.0,8,Good,13.0,PPB,1 Hr,Valid
Tashkent,O3,2021-02-12 06:00 AM,2021,02,12,06,8.0,7,Good,1.0,PPB,1 Hr,Valid
Tashkent,O3,2021-02-12 07:00 AM,2021,02,12,07,11.0,10,Good,2.0,PPB,1 Hr,Valid
Tashkent,O3,2021-02-12 08:00 AM,2021,02,12,08,8.0,7,Good,1.0,PPB,1 Hr,Valid
Tashkent,O3,2021-02-12 09:00 AM,2021,02,12,09,3.0,3,Good,2.0,PPB,1 Hr,Valid
Tashkent,O3,2021-02-12 10:00 AM,2021,02,12,10,15.0,14,Good,21.0,PPB,1 Hr,Valid
Tashkent,O3,2021-02-12 11:00 AM,2021,02,12,11,17.0,16,Good,27.0,PPB,1 Hr,Valid
Tashkent,O3,2021-02-12 12:00 PM,2021,02,12,12,23.0,21,Good,32.0,PPB,1 Hr,Valid
Tashkent,O3,2021-02-12 01:00 PM,2021,02,12,13,23.0,21,Good,34.0,PPB,1 Hr,Valid
Tashkent,O3,2021-02-12 02:00 PM,2021,02,12,14,29.0,27,Good,35.0,PPB,1 Hr,Valid
Tashkent,O3,2021-02-12 03:00 PM,2021,02,12,15,31.0,29,Good,35.0,PPB,1 Hr,Valid
Tashkent,O3,2021-02-12 04:00 PM,2021,02,12,16,33.0,31,Good,40.0,PPB,1 Hr,Valid
Tashkent,O3,2021-02-12 05:00 PM,2021,02,12,17,30.0,28,Good,38.0,PPB,1 Hr,Valid
Tashkent,O3,2021-02-12 06:00 PM,2021,02,12,18,24.0,22,Good,22.0,PPB,1 Hr,Valid
Tashkent,O3,2021-02-12 07:00 PM,2021,02,12,19,17.0,16,Good,4.0,PPB,1 Hr,Valid
Tashkent,O3,2021-02-12 08:00 PM,2021,02,12,20,18.0,17,Good,8.0,PPB,1 Hr,Valid
Tashkent,O3,2021-02-12 09:00 PM,2021,02,12,21,12.0,11,Good,6.0,PPB,1 Hr,Valid
Tashkent,O3,2021-02-12 10:00 PM,2021,02,12,22,6.0,6,Good,2.0,PPB,1 Hr,Valid
Tashkent,O3,2021-02-12 11:00 PM,2021,02,12,23,6.0,6,Good,1.0,PPB,1 Hr,Valid
Tashkent,O3,2021-02-13 12:00 AM,2021,02,13,00,7.0,6,Good,1.0,PPB,1 Hr,Valid
Tashkent,O3,2021-02-13 01:00 AM,2021,02,13,01,10.0,9,Good,10.0,PPB,1 Hr,Valid
Tashkent,O3,2021-02-13 02:00 AM,2021,02,13,02,13.0,12,Good,23.0,PPB,1 Hr,Valid
Tashkent,O3,2021-02-13 03:00 AM,2021,02,13,03,15.0,14,Good,24.0,PPB,1 Hr,Valid
Tashkent,O3,2021-02-13 04:00 AM,2021,02,13,04,17.0,16,Good,20.0,PPB,1 Hr,Valid
Tashkent,O3,2021-02-13 05:00 AM,2021,02,13,05,14.0,13,Good,12.0,PPB,1 Hr,Valid
Tashkent,O3,2021-02-13 06:00 AM,2021,02,13,06,8.0,7,Good,1.0,PPB,1 Hr,Valid
Tashkent,O3,2021-02-13 07:00 AM,2021,02,13,07,13.0,12,Good,6.0,PPB,1 Hr,Valid
Tashkent,O3,2021-02-13 08:00 AM,2021,02,13,08,7.0,6,Good,1.0,PPB,1 Hr,Valid
Tashkent,O3,2021-02-13 09:00 AM,2021,02,13,09,8.0,7,Good,2.0,PPB,1 Hr,Valid
Tashkent,O3,2021-02-13 10:00 AM,2021,02,13,10,4.0,4,Good,2.0,PPB,1 Hr,Valid
Tashkent,O3,2021-02-13 11:00 AM,2021,02,13,11,6.0,6,Good,3.0,PPB,1 Hr,Valid
Tashkent,O3,2021-02-13 12:00 PM,2021,02,13,12,6.0,6,Good,7.0,PPB,1 Hr,Valid
Tashkent,O3,2021-02-13 01:00 PM,2021,02,13,13,15.0,14,Good,23.0,PPB,1 Hr,Valid
Tashkent,O3,2021-02-13 02:00 PM,2021,02,13,14,16.0,15,Good,26.0,PPB,1 Hr,Valid
Tashkent,O3,2021-02-13 03:00 PM,2021,02,13,15,16.0,15,Good,22.0,PPB,1 Hr,Valid
Tashkent,O3,2021-02-13 04:00 PM,2021,02,13,16,19.0,18,Good,23.0,PPB,1 Hr,Valid
Tashkent,O3,2021-02-13 05:00 PM,2021,02,13,17,21.0,19,Good,26.0,PPB,1 Hr,Valid
Tashkent,O3,2021-02-13 06:00 PM,2021,02,13,18,18.0,17,Good,21.0,PPB,1 Hr,Valid
Tashkent,O3,2021-02-13 07:00 PM,2021,02,13,19,11.0,10,Good,10.0,PPB,1 Hr,Valid
Tashkent,O3,2021-02-13 08:00 PM,2021,02,13,20,13.0,12,Good,8.0,PPB,1 Hr,Valid
Tashkent,O3,2021-02-13 09:00 PM,2021,02,13,21,13.0,12,Good,11.0,PPB,1 Hr,Valid
Tashkent,O3,2021-02-13 10:00 PM,2021,02,13,22,15.0,14,Good,11.0,PPB,1 Hr,Valid
Tashkent,O3,2021-02-13 11:00 PM,2021,02,13,23,9.0,8,Good,2.0,PPB,1 Hr,Valid
Tashkent,O3,2021-02-14 12:00 AM,2021,02,14,00,8.0,7,Good,1.0,PPB,1 Hr,Valid
Tashkent,O3,2021-02-14 01:00 AM,2021,02,14,01,6.0,6,Good,2.0,PPB,1 Hr,Valid
Tashkent,O3,2021-02-14 02:00 AM,2021,02,14,02,3.0,3,Good,4.0,PPB,1 Hr,Valid
Tashkent,O3,2021-02-14 03:00 AM,2021,02,14,03,12.0,11,Good,21.0,PPB,1 Hr,Valid
Tashkent,O3,2021-02-14 04:00 AM,2021,02,14,04,13.0,12,Good,25.0,PPB,1 Hr,Valid
Tashkent,O3,2021-02-14 05:00 AM,2021,02,14,05,17.0,16,Good,25.0,PPB,1 Hr,Valid
Tashkent,O3,2021-02-14 06:00 AM,2021,02,14,06,16.0,15,Good,21.0,PPB,1 Hr,Valid
Tashkent,O3,2021-02-14 07:00 AM,2021,02,14,07,16.0,15,Good,18.0,PPB,1 Hr,Valid
Tashkent,O3,2021-02-14 08:00 AM,2021,02,14,08,22.0,20,Good,23.0,PPB,1 Hr,Valid
Tashkent,O3,2021-02-14 09:00 AM,2021,02,14,09,22.0,20,Good,24.0,PPB,1 Hr,Valid
Tashkent,O3,2021-02-14 10:00 AM,2021,02,14,10,20.0,19,Good,25.0,PPB,1 Hr,Valid
Tashkent,O3,2021-02-14 11:00 AM,2021,02,14,11,26.0,24,Good,32.0,PPB,1 Hr,Valid
Tashkent,O3,2021-02-14 12:00 PM,2021,02,14,12,32.0,30,Good,36.0,PPB,1 Hr,Valid
Tashkent,O3,2021-02-14 01:00 PM,2021,02,14,13,30.0,28,Good,41.0,PPB,1 Hr,Valid
Tashkent,O3,2021-02-14 02:00 PM,2021,02,14,14,32.0,30,Good,44.0,PPB,1 Hr,Valid
Tashkent,O3,2021-02-14 03:00 PM,2021,02,14,15,33.0,31,Good,45.0,PPB,1 Hr,Valid
Tashkent,O3,2021-02-14 04:00 PM,2021,02,14,16,37.0,34,Good,45.0,PPB,1 Hr,Valid
Tashkent,O3,2021-02-14 05:00 PM,2021,02,14,17,36.0,33,Good,44.0,PPB,1 Hr,Valid
Tashkent,O3,2021-02-14 06:00 PM,2021,02,14,18,27.0,25,Good,32.0,PPB,1 Hr,Valid
Tashkent,O3,2021-02-14 07:00 PM,2021,02,14,19,17.0,16,Good,12.0,PPB,1 Hr,Valid
Tashkent,O3,2021-02-14 08:00 PM,2021,02,14,20,23.0,21,Good,9.0,PPB,1 Hr,Valid
Tashkent,O3,2021-02-14 09:00 PM,2021,02,14,21,22.0,20,Good,17.0,PPB,1 Hr,Valid
Tashkent,O3,2021-02-14 10:00 PM,2021,02,14,22,15.0,14,Good,16.0,PPB,1 Hr,Valid
Tashkent,O3,2021-02-14 11:00 PM,2021,02,14,23,17.0,16,Good,20.0,PPB,1 Hr,Valid
Tashkent,O3,2021-02-15 12:00 AM,2021,02,15,00,20.0,19,Good,26.0,PPB,1 Hr,Valid
Tashkent,O3,2021-02-15 01:00 AM,2021,02,15,01,24.0,22,Good,27.0,PPB,1 Hr,Valid
Tashkent,O3,2021-02-15 02:00 AM,2021,02,15,02,25.0,23,Good,30.0,PPB,1 Hr,Valid
Tashkent,O3,2021-02-15 03:00 AM,2021,02,15,03,30.0,28,Good,32.0,PPB,1 Hr,Valid
Tashkent,O3,2021-02-15 04:00 AM,2021,02,15,04,27.0,25,Good,33.0,PPB,1 Hr,Valid
Tashkent,O3,2021-02-15 05:00 AM,2021,02,15,05,27.0,25,Good,34.0,PPB,1 Hr,Valid
Tashkent,O3,2021-02-15 06:00 AM,2021,02,15,06,26.0,24,Good,33.0,PPB,1 Hr,Valid
Tashkent,O3,2021-02-15 07:00 AM,2021,02,15,07,27.0,25,Good,31.0,PPB,1 Hr,Valid
Tashkent,O3,2021-02-15 08:00 AM,2021,02,15,08,26.0,24,Good,25.0,PPB,1 Hr,Valid
Tashkent,O3,2021-02-15 09:00 AM,2021,02,15,09,28.0,26,Good,25.0,PPB,1 Hr,Valid
Tashkent,O3,2021-02-15 10:00 AM,2021,02,15,10,28.0,26,Good,22.0,PPB,1 Hr,Valid
Tashkent,O3,2021-02-15 11:00 AM,2021,02,15,11,27.0,25,Good,22.0,PPB,1 Hr,Valid
Tashkent,O3,2021-02-15 12:00 PM,2021,02,15,12,25.0,23,Good,23.0,PPB,1 Hr,Valid
Tashkent,O3,2021-02-15 01:00 PM,2021,02,15,13,31.0,29,Good,35.0,PPB,1 Hr,Valid
Tashkent,O3,2021-02-15 02:00 PM,2021,02,15,14,30.0,28,Good,37.0,PPB,1 Hr,Valid
Tashkent,O3,2021-02-15 03:00 PM,2021,02,15,15,29.0,27,Good,35.0,PPB,1 Hr,Valid
Tashkent,O3,2021-02-15 04:00 PM,2021,02,15,16,29.0,27,Good,29.0,PPB,1 Hr,Valid
Tashkent,O3,2021-02-15 05:00 PM,2021,02,15,17,28.0,26,Good,29.0,PPB,1 Hr,Valid
Tashkent,O3,2021-02-15 06:00 PM,2021,02,15,18,19.0,18,Good,20.0,PPB,1 Hr,Valid
Tashkent,O3,2021-02-15 07:00 PM,2021,02,15,19,17.0,16,Good,12.0,PPB,1 Hr,Valid
Tashkent,O3,2021-02-15 08:00 PM,2021,02,15,20,19.0,18,Good,11.0,PPB,1 Hr,Valid
Tashkent,O3,2021-02-15 09:00 PM,2021,02,15,21,14.0,13,Good,10.0,PPB,1 Hr,Valid
Tashkent,O3,2021-02-15 10:00 PM,2021,02,15,22,17.0,16,Good,17.0,PPB,1 Hr,Valid
Tashkent,O3,2021-02-15 11:00 PM,2021,02,15,23,17.0,16,Good,20.0,PPB,1 Hr,Valid
Tashkent,O3,2021-02-16 12:00 AM,2021,02,16,00,23.0,21,Good,26.0,PPB,1 Hr,Valid
Tashkent,O3,2021-02-16 01:00 AM,2021,02,16,01,26.0,24,Good,30.0,PPB,1 Hr,Valid
Tashkent,O3,2021-02-16 02:00 AM,2021,02,16,02,30.0,28,Good,33.0,PPB,1 Hr,Valid
Tashkent,O3,2021-02-16 03:00 AM,2021,02,16,03,30.0,28,Good,36.0,PPB,1 Hr,Valid
Tashkent,O3,2021-02-16 04:00 AM,2021,02,16,04,32.0,30,Good,37.0,PPB,1 Hr,Valid
Tashkent,O3,2021-02-16 05:00 AM,2021,02,16,05,33.0,31,Good,37.0,PPB,1 Hr,Valid
Tashkent,O3,2021-02-16 06:00 AM,2021,02,16,06,34.0,31,Good,37.0,PPB,1 Hr,Valid
Tashkent,O3,2021-02-16 07:00 AM,2021,02,16,07,34.0,31,Good,34.0,PPB,1 Hr,Valid
Tashkent,O3,2021-02-16 08:00 AM,2021,02,16,08,32.0,30,Good,25.0,PPB,1 Hr,Valid
Tashkent,O3,2021-02-16 09:00 AM,2021,02,16,09,31.0,29,Good,23.0,PPB,1 Hr,Valid
Tashkent,O3,2021-02-16 10:00 AM,2021,02,16,10,32.0,30,Good,29.0,PPB,1 Hr,Valid
Tashkent,O3,2021-02-16 11:00 AM,2021,02,16,11,32.0,30,Good,32.0,PPB,1 Hr,Valid
Tashkent,O3,2021-02-16 12:00 PM,2021,02,16,12,28.0,26,Good,24.0,PPB,1 Hr,Valid
Tashkent,O3,2021-02-16 01:00 PM,2021,02,16,13,34.0,31,Good,36.0,PPB,1 Hr,Valid
Tashkent,O3,2021-02-16 02:00 PM,2021,02,16,14,32.0,30,Good,35.0,PPB,1 Hr,Valid
Tashkent,O3,2021-02-16 03:00 PM,2021,02,16,15,37.0,34,Good,41.0,PPB,1 Hr,Valid
Tashkent,O3,2021-02-16 04:00 PM,2021,02,16,16,34.0,31,Good,40.0,PPB,1 Hr,Valid
Tashkent,O3,2021-02-16 05:00 PM,2021,02,16,17,30.0,28,Good,32.0,PPB,1 Hr,Valid
Tashkent,O3,2021-02-16 06:00 PM,2021,02,16,18,26.0,24,Good,21.0,PPB,1 Hr,Valid
Tashkent,O3,2021-02-16 07:00 PM,2021,02,16,19,17.0,16,Good,4.0,PPB,1 Hr,Valid
Tashkent,O3,2021-02-16 08:00 PM,2021,02,16,20,18.0,17,Good,6.0,PPB,1 Hr,Valid
Tashkent,O3,2021-02-16 09:00 PM,2021,02,16,21,12.0,11,Good,1.0,PPB,1 Hr,Valid
Tashkent,O3,2021-02-16 10:00 PM,2021,02,16,22,8.0,7,Good,1.0,PPB,1 Hr,Valid
Tashkent,O3,2021-02-16 11:00 PM,2021,02,16,23,8.0,7,Good,1.0,PPB,1 Hr,Valid
Tashkent,O3,2021-02-17 12:00 AM,2021,02,17,00,13.0,12,Good,12.0,PPB,1 Hr,Valid
Tashkent,O3,2021-02-17 01:00 AM,2021,02,17,01,18.0,17,Good,24.0,PPB,1 Hr,Valid
Tashkent,O3,2021-02-17 02:00 AM,2021,02,17,02,20.0,19,Good,28.0,PPB,1 Hr,Valid
Tashkent,O3,2021-02-17 03:00 AM,2021,02,17,03,22.0,20,Good,30.0,PPB,1 Hr,Valid
Tashkent,O3,2021-02-17 04:00 AM,2021,02,17,04,24.0,22,Good,30.0,PPB,1 Hr,Valid
Tashkent,O3,2021-02-17 05:00 AM,2021,02,17,05,27.0,25,Good,29.0,PPB,1 Hr,Valid
Tashkent,O3,2021-02-17 06:00 AM,2021,02,17,06,21.0,19,Good,22.0,PPB,1 Hr,Valid
Tashkent,O3,2021-02-17 07:00 AM,2021,02,17,07,16.0,15,Good,8.0,PPB,1 Hr,Valid
Tashkent,O3,2021-02-17 08:00 AM,2021,02,17,08,15.0,14,Good,5.0,PPB,1 Hr,Valid
Tashkent,O3,2021-02-17 09:00 AM,2021,02,17,09,13.0,12,Good,11.0,PPB,1 Hr,Valid
Tashkent,O3,2021-02-17 10:00 AM,2021,02,17,10,16.0,15,Good,22.0,PPB,1 Hr,Valid
Tashkent,O3,2021-02-17 11:00 AM,2021,02,17,11,18.0,17,Good,22.0,PPB,1 Hr,Valid
Tashkent,O3,2021-02-17 12:00 PM,2021,02,17,12,17.0,16,Good,13.0,PPB,1 Hr,Valid
Tashkent,O3,2021-02-17 01:00 PM,2021,02,17,13,20.0,19,Good,18.0,PPB,1 Hr,Valid
Tashkent,O3,2021-02-17 02:00 PM,2021,02,17,14,25.0,23,Good,33.0,PPB,1 Hr,Valid
Tashkent,O3,2021-02-17 03:00 PM,2021,02,17,15,28.0,26,Good,40.0,PPB,1 Hr,Valid
Tashkent,O3,2021-02-17 04:00 PM,2021,02,17,16,30.0,28,Good,42.0,PPB,1 Hr,Valid
Tashkent,O3,2021-02-17 05:00 PM,2021,02,17,17,32.0,30,Good,43.0,PPB,1 Hr,Valid
Tashkent,O3,2021-02-17 06:00 PM,2021,02,17,18,25.0,23,Good,18.0,PPB,1 Hr,Valid
Tashkent,O3,2021-02-17 07:00 PM,2021,02,17,19,19.0,18,Good,2.0,PPB,1 Hr,Valid
Tashkent,O3,2021-02-17 08:00 PM,2021,02,17,20,16.0,15,Good,2.0,PPB,1 Hr,Valid
Tashkent,O3,2021-02-24 03:00 AM,2021,02,24,03,23.0,21,Good,22.0,PPB,1 Hr,Valid
Tashkent,O3,2021-02-24 04:00 AM,2021,02,24,04,21.0,19,Good,20.0,PPB,1 Hr,Valid
Tashkent,O3,2021-02-24 05:00 AM,2021,02,24,05,21.0,19,Good,20.0,PPB,1 Hr,Valid
Tashkent,O3,2021-02-24 06:00 AM,2021,02,24,06,20.0,19,Good,19.0,PPB,1 Hr,Valid
Tashkent,O3,2021-02-24 07:00 AM,2021,02,24,07,27.0,25,Good,27.0,PPB,1 Hr,Valid
Tashkent,O3,2021-02-24 08:00 AM,2021,02,24,08,24.0,22,Good,23.0,PPB,1 Hr,Valid
Tashkent,O3,2021-02-24 09:00 AM,2021,02,24,09,11.0,10,Good,8.0,PPB,1 Hr,Valid
Tashkent,O3,2021-02-24 10:00 AM,2021,02,24,10,11.0,10,Good,8.0,PPB,1 Hr,Valid
Tashkent,O3,2021-02-24 11:00 AM,2021,02,24,11,13.0,12,Good,11.0,PPB,1 Hr,Valid
Tashkent,O3,2021-02-24 12:00 PM,2021,02,24,12,22.0,20,Good,21.0,PPB,1 Hr,Valid
Tashkent,O3,2021-02-24 01:00 PM,2021,02,24,13,22.0,20,Good,21.0,PPB,1 Hr,Valid
Tashkent,O3,2021-02-24 02:00 PM,2021,02,24,14,17.0,16,Good,15.0,PPB,1 Hr,Valid
Tashkent,O3,2021-02-24 03:00 PM,2021,02,24,15,21.0,19,Good,19.0,PPB,1 Hr,Valid
Tashkent,O3,2021-02-24 04:00 PM,2021,02,24,16,21.0,19,Good,20.0,PPB,1 Hr,Valid
Tashkent,O3,2021-02-24 05:00 PM,2021,02,24,17,22.0,20,Good,20.0,PPB,1 Hr,Valid
Tashkent,O3,2021-02-24 06:00 PM,2021,02,24,18,24.0,22,Good,23.0,PPB,1 Hr,Valid
Tashkent,O3,2021-02-24 07:00 PM,2021,02,24,19,28.0,26,Good,28.0,PPB,1 Hr,Valid
Tashkent,O3,2021-02-24 08:00 PM,2021,02,24,20,29.0,27,Good,29.0,PPB,1 Hr,Valid
Tashkent,O3,2021-02-24 09:00 PM,2021,02,24,21,29.0,27,Good,29.0,PPB,1 Hr,Valid
Tashkent,O3,2021-02-24 10:00 PM,2021,02,24,22,30.0,28,Good,30.0,PPB,1 Hr,Valid
Tashkent,O3,2021-02-24 11:00 PM,2021,02,24,23,31.0,29,Good,31.0,PPB,1 Hr,Valid
Tashkent,O3,2021-02-25 12:00 AM,2021,02,25,00,30.0,28,Good,30.0,PPB,1 Hr,Valid
Tashkent,O3,2021-02-25 01:00 AM,2021,02,25,01,31.0,29,Good,32.0,PPB,1 Hr,Valid
Tashkent,O3,2021-02-25 02:00 AM,2021,02,25,02,32.0,30,Good,32.0,PPB,1 Hr,Valid
Tashkent,O3,2021-02-25 03:00 AM,2021,02,25,03,34.0,31,Good,35.0,PPB,1 Hr,Valid
Tashkent,O3,2021-02-25 04:00 AM,2021,02,25,04,34.0,31,Good,35.0,PPB,1 Hr,Valid
Tashkent,O3,2021-02-25 05:00 AM,2021,02,25,05,34.0,31,Good,34.0,PPB,1 Hr,Valid
Tashkent,O3,2021-02-25 06:00 AM,2021,02,25,06,32.0,30,Good,33.0,PPB,1 Hr,Valid
Tashkent,O3,2021-02-25 07:00 AM,2021,02,25,07,33.0,31,Good,33.0,PPB,1 Hr,Valid
Tashkent,O3,2021-02-25 08:00 AM,2021,02,25,08,29.0,27,Good,29.0,PPB,1 Hr,Valid
Tashkent,O3,2021-02-25 09:00 AM,2021,02,25,09,28.0,26,Good,28.0,PPB,1 Hr,Valid
Tashkent,O3,2021-02-25 10:00 AM,2021,02,25,10,28.0,26,Good,28.0,PPB,1 Hr,Valid
Tashkent,O3,2021-02-25 11:00 AM,2021,02,25,11,32.0,30,Good,33.0,PPB,1 Hr,Valid
Tashkent,O3,2021-02-25 12:00 PM,2021,02,25,12,36.0,33,Good,37.0,PPB,1 Hr,Valid
Tashkent,O3,2021-02-25 01:00 PM,2021,02,25,13,35.0,32,Good,37.0,PPB,1 Hr,Valid
Tashkent,O3,2021-02-25 02:00 PM,2021,02,25,14,36.0,33,Good,37.0,PPB,1 Hr,Valid
Tashkent,O3,2021-02-25 03:00 PM,2021,02,25,15,36.0,33,Good,37.0,PPB,1 Hr,Valid
Tashkent,O3,2021-02-25 04:00 PM,2021,02,25,16,36.0,33,Good,37.0,PPB,1 Hr,Valid
Tashkent,O3,2021-02-25 05:00 PM,2021,02,25,17,35.0,32,Good,36.0,PPB,1 Hr,Valid
Tashkent,O3,2021-02-25 06:00 PM,2021,02,25,18,32.0,30,Good,33.0,PPB,1 Hr,Valid
Tashkent,O3,2021-02-25 07:00 PM,2021,02,25,19,28.0,26,Good,27.0,PPB,1 Hr,Valid
Tashkent,O3,2021-02-25 08:00 PM,2021,02,25,20,21.0,19,Good,20.0,PPB,1 Hr,Valid
Tashkent,O3,2021-02-25 09:00 PM,2021,02,25,21,13.0,12,Good,11.0,PPB,1 Hr,Valid
Tashkent,O3,2021-02-25 10:00 PM,2021,02,25,22,8.0,7,Good,5.0,PPB,1 Hr,Valid
Tashkent,O3,2021-02-25 11:00 PM,2021,02,25,23,9.0,8,Good,6.0,PPB,1 Hr,Valid
Tashkent,O3,2021-02-26 12:00 AM,2021,02,26,00,7.0,6,Good,3.0,PPB,1 Hr,Valid
Tashkent,O3,2021-02-26 01:00 AM,2021,02,26,01,7.0,6,Good,3.0,PPB,1 Hr,Valid
Tashkent,O3,2021-02-26 02:00 AM,2021,02,26,02,6.0,6,Good,2.0,PPB,1 Hr,Valid
Tashkent,O3,2021-02-26 03:00 AM,2021,02,26,03,15.0,14,Good,13.0,PPB,1 Hr,Valid
Tashkent,O3,2021-02-26 04:00 AM,2021,02,26,04,16.0,15,Good,13.0,PPB,1 Hr,Valid
Tashkent,O3,2021-02-26 05:00 AM,2021,02,26,05,14.0,13,Good,11.0,PPB,1 Hr,Valid
Tashkent,O3,2021-02-26 06:00 AM,2021,02,26,06,11.0,10,Good,7.0,PPB,1 Hr,Valid
Tashkent,O3,2021-02-26 07:00 AM,2021,02,26,07,7.0,6,Good,3.0,PPB,1 Hr,Valid
Tashkent,O3,2021-02-26 08:00 AM,2021,02,26,08,8.0,7,Good,4.0,PPB,1 Hr,Valid
Tashkent,O3,2021-02-26 09:00 AM,2021,02,26,09,10.0,9,Good,7.0,PPB,1 Hr,Valid
Tashkent,O3,2021-02-26 10:00 AM,2021,02,26,10,20.0,19,Good,18.0,PPB,1 Hr,Valid
Tashkent,O3,2021-02-26 11:00 AM,2021,02,26,11,31.0,29,Good,31.0,PPB,1 Hr,Valid
Tashkent,O3,2021-02-26 12:00 PM,2021,02,26,12,36.0,33,Good,37.0,PPB,1 Hr,Valid
Tashkent,O3,2021-02-26 01:00 PM,2021,02,26,13,38.0,35,Good,39.0,PPB,1 Hr,Valid
Tashkent,O3,2021-02-26 02:00 PM,2021,02,26,14,37.0,34,Good,39.0,PPB,1 Hr,Valid
Tashkent,O3,2021-02-26 03:00 PM,2021,02,26,15,37.0,34,Good,38.0,PPB,1 Hr,Valid
Tashkent,O3,2021-02-26 04:00 PM,2021,02,26,16,37.0,34,Good,39.0,PPB,1 Hr,Valid
Tashkent,O3,2021-02-26 05:00 PM,2021,02,26,17,34.0,31,Good,35.0,PPB,1 Hr,Valid
Tashkent,O3,2021-02-26 06:00 PM,2021,02,26,18,34.0,31,Good,34.0,PPB,1 Hr,Valid
Tashkent,O3,2021-02-26 07:00 PM,2021,02,26,19,31.0,29,Good,32.0,PPB,1 Hr,Valid
Tashkent,O3,2021-02-26 08:00 PM,2021,02,26,20,28.0,26,Good,28.0,PPB,1 Hr,Valid
Tashkent,O3,2021-02-26 09:00 PM,2021,02,26,21,19.0,18,Good,17.0,PPB,1 Hr,Valid
Tashkent,O3,2021-02-26 10:00 PM,2021,02,26,22,9.0,8,Good,6.0,PPB,1 Hr,Valid
Tashkent,O3,2021-02-26 11:00 PM,2021,02,26,23,6.0,6,Good,2.0,PPB,1 Hr,Valid
Tashkent,O3,2021-02-27 12:00 AM,2021,02,27,00,6.0,6,Good,2.0,PPB,1 Hr,Valid
Tashkent,O3,2021-02-27 01:00 AM,2021,02,27,01,5.0,5,Good,1.0,PPB,1 Hr,Valid
Tashkent,O3,2021-02-27 02:00 AM,2021,02,27,02,6.0,6,Good,2.0,PPB,1 Hr,Valid
Tashkent,O3,2021-02-27 03:00 AM,2021,02,27,03,8.0,7,Good,5.0,PPB,1 Hr,Valid
Tashkent,O3,2021-02-27 04:00 AM,2021,02,27,04,11.0,10,Good,8.0,PPB,1 Hr,Valid
Tashkent,O3,2021-02-27 05:00 AM,2021,02,27,05,18.0,17,Good,16.0,PPB,1 Hr,Valid
Tashkent,O3,2021-02-27 06:00 AM,2021,02,27,06,16.0,15,Good,13.0,PPB,1 Hr,Valid
Tashkent,O3,2021-02-27 07:00 AM,2021,02,27,07,10.0,9,Good,7.0,PPB,1 Hr,Valid
Tashkent,O3,2021-02-27 08:00 AM,2021,02,27,08,8.0,7,Good,5.0,PPB,1 Hr,Valid
Tashkent,O3,2021-02-27 09:00 AM,2021,02,27,09,11.0,10,Good,7.0,PPB,1 Hr,Valid
Tashkent,O3,2021-02-27 10:00 AM,2021,02,27,10,15.0,14,Good,12.0,PPB,1 Hr,Valid
Tashkent,O3,2021-02-27 11:00 AM,2021,02,27,11,12.0,11,Good,9.0,PPB,1 Hr,Valid
Tashkent,O3,2021-02-27 12:00 PM,2021,02,27,12,18.0,17,Good,16.0,PPB,1 Hr,Valid
Tashkent,O3,2021-02-27 01:00 PM,2021,02,27,13,26.0,24,Good,26.0,PPB,1 Hr,Valid
Tashkent,O3,2021-02-27 02:00 PM,2021,02,27,14,31.0,29,Good,32.0,PPB,1 Hr,Valid
Tashkent,O3,2021-02-27 03:00 PM,2021,02,27,15,32.0,30,Good,32.0,PPB,1 Hr,Valid
Tashkent,O3,2021-02-27 04:00 PM,2021,02,27,16,29.0,27,Good,29.0,PPB,1 Hr,Valid
Tashkent,O3,2021-02-27 05:00 PM,2021,02,27,17,27.0,25,Good,27.0,PPB,1 Hr,Valid
Tashkent,O3,2021-02-27 06:00 PM,2021,02,27,18,19.0,18,Good,17.0,PPB,1 Hr,Valid
Tashkent,O3,2021-02-27 07:00 PM,2021,02,27,19,9.0,8,Good,5.0,PPB,1 Hr,Valid
Tashkent,O3,2021-02-27 08:00 PM,2021,02,27,20,6.0,6,Good,2.0,PPB,1 Hr,Valid
Tashkent,O3,2021-02-27 09:00 PM,2021,02,27,21,5.0,5,Good,1.0,PPB,1 Hr,Valid
Tashkent,O3,2021-02-27 10:00 PM,2021,02,27,22,5.0,5,Good,1.0,PPB,1 Hr,Valid
Tashkent,O3,2021-02-27 11:00 PM,2021,02,27,23,5.0,5,Good,1.0,PPB,1 Hr,Valid
Tashkent,O3,2021-02-28 12:00 AM,2021,02,28,00,5.0,5,Good,1.0,PPB,1 Hr,Valid
Tashkent,O3,2021-02-28 01:00 AM,2021,02,28,01,5.0,5,Good,1.0,PPB,1 Hr,Valid
Tashkent,O3,2021-02-28 02:00 AM,2021,02,28,02,5.0,5,Good,1.0,PPB,1 Hr,Valid
Tashkent,O3,2021-02-28 03:00 AM,2021,02,28,03,6.0,6,Good,1.0,PPB,1 Hr,Valid
Tashkent,O3,2021-02-28 04:00 AM,2021,02,28,04,9.0,8,Good,5.0,PPB,1 Hr,Valid
Tashkent,O3,2021-02-28 05:00 AM,2021,02,28,05,18.0,17,Good,16.0,PPB,1 Hr,Valid
Tashkent,O3,2021-02-28 06:00 AM,2021,02,28,06,24.0,22,Good,23.0,PPB,1 Hr,Valid
Tashkent,O3,2021-02-28 07:00 AM,2021,02,28,07,20.0,19,Good,18.0,PPB,1 Hr,Valid
Tashkent,O3,2021-02-28 08:00 AM,2021,02,28,08,12.0,11,Good,9.0,PPB,1 Hr,Valid
Tashkent,O3,2021-02-28 09:00 AM,2021,02,28,09,24.0,22,Good,23.0,PPB,1 Hr,Valid
Tashkent,O3,2021-02-28 10:00 AM,2021,02,28,10,32.0,30,Good,33.0,PPB,1 Hr,Valid
Tashkent,O3,2021-02-28 11:00 AM,2021,02,28,11,34.0,31,Good,35.0,PPB,1 Hr,Valid
Tashkent,O3,2021-02-28 12:00 PM,2021,02,28,12,36.0,33,Good,37.0,PPB,1 Hr,Valid
Tashkent,O3,2021-02-28 01:00 PM,2021,02,28,13,37.0,34,Good,38.0,PPB,1 Hr,Valid
Tashkent,O3,2021-02-28 02:00 PM,2021,02,28,14,29.0,27,Good,29.0,PPB,1 Hr,Valid
Tashkent,O3,2021-02-28 03:00 PM,2021,02,28,15,28.0,26,Good,28.0,PPB,1 Hr,Valid
Tashkent,O3,2021-02-28 04:00 PM,2021,02,28,16,33.0,31,Good,34.0,PPB,1 Hr,Valid
Tashkent,O3,2021-02-28 05:00 PM,2021,02,28,17,36.0,33,Good,37.0,PPB,1 Hr,Valid
Tashkent,O3,2021-02-28 06:00 PM,2021,02,28,18,34.0,31,Good,35.0,PPB,1 Hr,Valid
Tashkent,O3,2021-02-28 07:00 PM,2021,02,28,19,20.0,19,Good,18.0,PPB,1 Hr,Valid
Tashkent,O3,2021-02-28 08:00 PM,2021,02,28,20,7.0,6,Good,3.0,PPB,1 Hr,Valid
Tashkent,O3,2021-02-28 09:00 PM,2021,02,28,21,5.0,5,Good,1.0,PPB,1 Hr,Valid
Tashkent,O3,2021-02-28 10:00 PM,2021,02,28,22,5.0,5,Good,1.0,PPB,1 Hr,Valid
Tashkent,O3,2021-02-28 11:00 PM,2021,02,28,23,5.0,5,Good,1.0,PPB,1 Hr,Valid
Tashkent,O3,2021-03-01 12:00 AM,2021,03,01,00,9.0,8,Good,5.0,PPB,1 Hr,Valid
